TRANSACTION_ID,CREATED_AT,TRANSACTION_DATE,MERCHANT_ID,MERCHANT_CATEGORY,PRICING_PLAN,CUSTOMER_ID,CUSTOMER_COUNTRY,CUSTOMER_SEGMENT,ROUTE_ID,ROUTE_PROVIDER,CURRENCY,TRANSACTION_STATUS,FLAG_MISSING_MERCHANT,FLAG_ANOMALOUS_AMOUNT,GROSS_AMOUNT_NATIVE,FX_RATE_TO_USD,GROSS_AMOUNT_USD,GROSS_REVENUE_NATIVE,ROUTING_COST_NATIVE,SETTLED_AMOUNT_NATIVE,PROCESSOR_SETTLEMENT_FEE_NATIVE,CHARGEBACK_LOSS_NATIVE,CONTRIBUTION_PROFIT_USD
TXN_1D58A7F5,2026-07-01 23:13:00.000,2026-07-01,MERCH_009,Retail_Tech,Tier_1_Default,CUST_0109,SG,Standard,GW_CROSSBORDER_X,Stripe Global,SGD,AUTHORIZED,FALSE,FALSE,2152.51,0.740000,1592.8574,53.8128,54.0628,2098.70,53.81,0.00,-40.0044
TXN_AA009E4F,2026-08-17 09:06:00.000,2026-08-17,MERCH_010,Gaming,Volume_Custom,CUST_0144,SG,Standard,GW_AE_LOCAL,GulfPay,SGD,DECLINED,FALSE,FALSE,1181.07,0.740000,873.9918,0.0000,0.0000,0.00,0.00,0.00,0.0000
TXN_9DE59CFC,2026-09-13 05:23:00.000,2026-09-13,MERCH_006,Gaming,Volume_Custom,CUST_0049,AE,Standard,GW_CROSSBORDER_X,Stripe Global,AED,AUTHORIZED,FALSE,FALSE,3504.65,0.270000,946.2555,52.5698,87.8663,3434.56,70.10,0.00,-28.4571
TXN_08DFBFBA,2026-09-01 08:59:00.000,2026-09-01,MERCH_023,Retail_Tech,Volume_Custom,CUST_0044,AE,Enterprise_VIP,GW_CROSSBORDER_X,Stripe Global,AED,AUTHORIZED,FALSE,FALSE,2035.65,0.270000,549.6255,30.5348,51.1413,1984.76,50.89,0.00,-19.3041
TXN_795832EC,2026-07-25 03:37:00.000,2026-07-25,MERCH_022,Retail_Tech,IC_Plus,CUST_0116,AE,SMB,GW_CROSSBORDER_X,Stripe Global,AED,AUTHORIZED,FALSE,FALSE,2559.41,0.270000,691.0407,46.0694,64.2353,2495.42,63.99,0.00,-22.1821
TXN_E710226B,2026-08-16 20:47:00.000,2026-08-16,MERCH_016,SaaS_Services,Volume_Custom,CUST_0053,SG,Enterprise_VIP,GW_IN_LOCAL,PayFast,SGD,AUTHORIZED,FALSE,FALSE,654.58,0.740000,484.3892,9.8187,3.3229,638.22,16.36,0.00,-7.2995
TXN_E73AA8DB,2026-07-22 18:06:00.000,2026-07-22,MERCH_005,Hospitality,Tier_1_Default,CUST_0028,AE,Standard,GW_IN_LOCAL,PayFast,AED,AUTHORIZED,FALSE,FALSE,1959.54,0.270000,529.0758,48.9885,9.8477,1910.55,48.99,0.00,-2.6593
TXN_36EDFC07,2026-08-19 03:49:00.000,2026-08-19,MERCH_001,Gaming,Volume_Custom,CUST_0019,SG,Standard,GW_CROSSBORDER_X,Stripe Global,SGD,AUTHORIZED,FALSE,FALSE,3328.35,0.740000,2462.9790,49.9253,83.4588,3245.14,83.21,0.00,-86.3902
TXN_925D37FD,2026-08-10 10:29:00.000,2026-08-10,MERCH_010,Gaming,Volume_Custom,CUST_0024,AE,Standard,GW_CROSSBORDER_X,Stripe Global,AED,DECLINED,FALSE,FALSE,2273.75,0.270000,613.9125,0.0000,0.0000,0.00,0.00,0.00,0.0000
TXN_643702C1,2026-08-21 02:41:00.000,2026-08-21,MERCH_024,Hospitality,Volume_Custom,CUST_0124,AE,Standard,GW_SG_LOCAL,SingaNet,AED,AUTHORIZED,FALSE,FALSE,286.16,0.270000,77.2632,4.2924,3.5339,279.01,7.15,0.00,-1.7257
TXN_1F32708F,2026-09-03 18:10:00.000,2026-09-03,MERCH_010,Gaming,Volume_Custom,CUST_0100,SG,Standard,GW_AE_LOCAL,GulfPay,SGD,AUTHORIZED,FALSE,FALSE,1906.38,0.740000,1410.7212,28.5957,28.7457,1858.72,47.66,0.00,-35.3794
TXN_5171B198,2026-08-15 18:45:00.000,2026-08-15,MERCH_016,SaaS_Services,Volume_Custom,CUST_0020,AE,Standard,GW_CROSSBORDER_X,Stripe Global,AED,AUTHORIZED,FALSE,FALSE,2430.31,0.270000,656.1837,36.4547,61.0078,0.00,0.00,0.00,-6.6293
TXN_9FEFE8A9,2026-07-26 07:13:00.000,2026-07-26,MERCH_009,Retail_Tech,Tier_1_Default,CUST_0028,AE,Standard,GW_CROSSBORDER_X,Stripe Global,AED,FAILED,FALSE,FALSE,2762.57,0.270000,745.8939,0.0000,0.0000,0.00,0.00,0.00,0.0000
TXN_41EA209D,2026-07-29 10:38:00.000,2026-07-29,MERCH_024,Hospitality,Volume_Custom,CUST_0113,IN,Enterprise_VIP,GW_SG_LOCAL,SingaNet,INR,AUTHORIZED,FALSE,FALSE,1499.95,0.012000,17.9994,22.4993,18.0994,1462.45,37.50,0.00,-0.3972
TXN_39BC96A0,2026-08-22 17:39:00.000,2026-08-22,MERCH_023,Retail_Tech,Volume_Custom,CUST_0106,AE,Standard,GW_IN_LOCAL,PayFast,AED,AUTHORIZED,FALSE,FALSE,265.46,0.270000,71.6742,3.9819,1.3773,258.82,6.64,0.00,-1.0896
TXN_6A387DD0,2026-06-23 00:43:00.000,2026-06-23,MERCH_012,Retail_Tech,IC_Plus,CUST_0121,SG,SMB,GW_AE_LOCAL,GulfPay,SGD,AUTHORIZED,FALSE,FALSE,888.67,0.740000,657.6158,15.9961,13.4801,866.45,22.22,0.00,-14.5810
TXN_707A97A4,2026-06-28 02:25:00.000,2026-06-28,MERCH_006,Gaming,Volume_Custom,CUST_0091,IN,Standard,GW_AE_LOCAL,GulfPay,INR,AUTHORIZED,FALSE,FALSE,278.93,0.012000,3.3472,4.1840,4.3340,271.96,6.97,0.00,-0.0854
TXN_37505A81,2026-08-03 01:04:00.000,2026-08-03,MERCH_016,SaaS_Services,Volume_Custom,CUST_0108,IN,SMB,GW_IN_LOCAL,PayFast,INR,DECLINED,FALSE,FALSE,959.64,0.012000,11.5157,0.0000,0.0000,0.00,0.00,0.00,0.0000
TXN_7CF880A4,2026-07-01 22:50:00.000,2026-07-01,MERCH_009,Retail_Tech,Tier_1_Default,CUST_0038,SG,Standard,GW_CROSSBORDER_X,Stripe Global,SGD,AUTHORIZED,FALSE,FALSE,2896.18,0.740000,2143.1732,72.4045,72.6545,2823.78,72.40,0.00,-53.7610
TXN_84C7D4F4,2026-08-07 19:29:00.000,2026-08-07,MERCH_024,Hospitality,Volume_Custom,CUST_0002,IN,Enterprise_VIP,GW_SG_LOCAL,SingaNet,INR,AUTHORIZED,FALSE,FALSE,1897.16,0.012000,22.7659,28.4574,22.8659,1849.73,47.43,0.00,-0.5021
TXN_AD2DFF37,2026-08-30 13:53:00.000,2026-08-30,MERCH_006,Gaming,Volume_Custom,CUST_0142,SG,Standard,GW_AE_LOCAL,GulfPay,SGD,AUTHORIZED,FALSE,FALSE,1729.89,0.740000,1280.1186,25.9484,26.0984,1686.64,43.25,0.00,-32.1160
TXN_152BC0FD,2026-08-04 14:27:00.000,2026-08-04,MERCH_023,Retail_Tech,Volume_Custom,CUST_0126,IN,Standard,GW_IN_LOCAL,PayFast,INR,AUTHORIZED,FALSE,FALSE,226.14,0.012000,2.7137,3.3921,1.1807,220.49,5.65,0.00,-0.0413
TXN_05F13114,2026-08-21 22:18:00.000,2026-08-21,MERCH_024,Hospitality,Volume_Custom,CUST_0139,AE,Standard,GW_SG_LOCAL,SingaNet,AED,AUTHORIZED,FALSE,FALSE,1616.46,0.270000,436.4442,24.2469,19.4975,1576.05,40.41,0.00,-9.6284
TXN_5B0746FA,2026-09-04 11:34:00.000,2026-09-04,MERCH_016,SaaS_Services,Volume_Custom,CUST_0136,IN,Standard,GW_IN_LOCAL,PayFast,INR,AUTHORIZED,FALSE,FALSE,774.44,0.012000,9.2933,11.6166,3.9222,755.08,19.36,0.00,-0.1400
TXN_8F62635C,2026-08-22 18:18:00.000,2026-08-22,MERCH_024,Hospitality,Volume_Custom,CUST_0039,IN,Standard,GW_SG_LOCAL,SingaNet,INR,AUTHORIZED,FALSE,FALSE,1121.40,0.012000,13.4568,16.8210,13.5568,1093.36,28.04,0.00,-0.2973
TXN_6DF0EDB7,2026-08-05 08:31:00.000,2026-08-05,MERCH_024,Hospitality,Volume_Custom,CUST_0114,IN,SMB,GW_CROSSBORDER_X,Stripe Global,INR,AUTHORIZED,FALSE,FALSE,3234.01,0.012000,38.8081,48.5102,81.1003,3153.16,80.85,0.00,-1.3613
TXN_417F2B60,2026-08-16 18:47:00.000,2026-08-16,MERCH_016,SaaS_Services,Volume_Custom,CUST_0149,AE,Standard,GW_CROSSBORDER_X,Stripe Global,AED,AUTHORIZED,FALSE,FALSE,2166.95,0.270000,585.0765,32.5043,54.4238,2112.78,54.17,2166.95,-605.6207
TXN_44E97489,2026-09-07 00:30:00.000,2026-09-07,MERCH_010,Gaming,Volume_Custom,CUST_0007,SG,Standard,GW_CROSSBORDER_X,Stripe Global,SGD,AUTHORIZED,FALSE,FALSE,3396.30,0.740000,2513.2620,50.9445,85.1575,3311.39,84.91,0.00,-88.1510
TXN_926DD636,2026-09-11 05:40:00.000,2026-09-11,MERCH_020,Retail_Tech,Volume_Custom,CUST_0147,SG,Standard,GW_CROSSBORDER_X,Stripe Global,SGD,DECLINED,FALSE,FALSE,3459.96,0.740000,2560.3704,0.0000,0.0000,0.00,0.00,0.00,0.0000
TXN_5AA94178,2026-07-29 02:00:00.000,2026-07-29,MERCH_003,SaaS_Services,Tier_1_Default,CUST_0053,SG,Enterprise_VIP,GW_AE_LOCAL,GulfPay,SGD,AUTHORIZED,FALSE,TRUE,0.00,0.740000,0.0000,0.0000,0.0000,0.00,0.00,0.00,0.0000
TXN_4EB7A492,2026-08-17 13:19:00.000,2026-08-17,MERCH_002,SaaS_Services,Volume_Custom,CUST_0028,AE,Standard,GW_SG_LOCAL,SingaNet,AED,DECLINED,FALSE,FALSE,1825.48,0.270000,492.8796,0.0000,0.0000,0.00,0.00,0.00,0.0000
TXN_AEC675F0,2026-07-18 14:26:00.000,2026-07-18,MERCH_008,Retail_Tech,Tier_1_Default,CUST_0114,IN,SMB,GW_CROSSBORDER_X,Stripe Global,INR,AUTHORIZED,FALSE,FALSE,3135.61,0.012000,37.6273,78.3903,78.6403,3057.22,78.39,0.00,-0.9437
TXN_53A260C6,2026-06-08 22:35:00.000,2026-06-08,MERCH_001,Gaming,Volume_Custom,CUST_0099,SG,Standard,GW_AE_LOCAL,GulfPay,SGD,DECLINED,FALSE,FALSE,1193.86,0.740000,883.4564,0.0000,0.0000,0.00,0.00,0.00,0.0000
TXN_DDF9A4F1,2026-08-29 01:59:00.000,2026-08-29,MERCH_024,Hospitality,Volume_Custom,CUST_0059,AE,Standard,GW_CROSSBORDER_X,Stripe Global,AED,AUTHORIZED,FALSE,FALSE,2994.42,0.270000,808.4934,44.9163,75.1105,0.00,0.00,0.00,-8.1524
TXN_050AD7FE,2026-08-01 01:57:00.000,2026-08-01,MERCH_010,Gaming,Volume_Custom,CUST_0011,AE,Standard,GW_CROSSBORDER_X,Stripe Global,AED,AUTHORIZED,FALSE,FALSE,3678.35,0.270000,993.1545,55.1753,92.2088,3586.39,91.96,0.00,-34.8282
TXN_AEB1623B,2026-08-10 18:07:00.000,2026-08-10,MERCH_001,Gaming,Volume_Custom,CUST_0093,AE,SMB,GW_AE_LOCAL,GulfPay,AED,AUTHORIZED,FALSE,FALSE,329.64,0.270000,89.0028,4.9446,5.0946,321.40,8.24,0.00,-2.2653
TXN_273EB82F,2026-08-19 06:20:00.000,2026-08-19,MERCH_024,Hospitality,Volume_Custom,CUST_0012,AE,Enterprise_VIP,GW_CROSSBORDER_X,Stripe Global,AED,AUTHORIZED,FALSE,FALSE,3448.66,0.270000,931.1382,51.7299,86.4665,3362.44,86.22,0.00,-32.6583
TXN_485EC04E,2026-07-25 13:46:00.000,2026-07-25,MERCH_007,SaaS_Services,IC_Plus,CUST_0004,SG,Standard,GW_AE_LOCAL,GulfPay,SGD,DECLINED,FALSE,FALSE,992.40,0.740000,734.3760,0.0000,0.0000,0.00,0.00,0.00,0.0000
TXN_8B845F46,2026-07-18 20:17:00.000,2026-07-18,MERCH_003,SaaS_Services,Tier_1_Default,CUST_0017,SG,Standard,GW_CROSSBORDER_X,Stripe Global,SGD,AUTHORIZED,FALSE,FALSE,2632.92,0.740000,1948.3608,65.8230,66.0730,2567.10,65.82,2632.92,-1997.2526
TXN_5ABAFBB7,2026-06-29 19:17:00.000,2026-06-29,MERCH_013,SaaS_Services,IC_Plus,CUST_0008,SG,SMB,GW_IN_LOCAL,PayFast,SGD,AUTHORIZED,FALSE,FALSE,824.99,0.740000,610.4926,14.8498,4.1750,804.37,20.62,0.00,-7.3594
TXN_1705FDC4,2026-08-07 10:43:00.000,2026-08-07,MERCH_023,Retail_Tech,Volume_Custom,CUST_0111,AE,Standard,GW_CROSSBORDER_X,Stripe Global,AED,AUTHORIZED,FALSE,FALSE,2690.04,0.270000,726.3108,40.3506,67.5010,2636.24,53.80,0.00,-21.8566
TXN_CF40F992,2026-07-10 10:14:00.000,2026-07-10,MERCH_010,Gaming,Volume_Custom,CUST_0113,IN,Enterprise_VIP,GW_CROSSBORDER_X,Stripe Global,INR,AUTHORIZED,FALSE,FALSE,3743.58,0.012000,44.9230,56.1537,93.8395,3649.99,93.59,0.00,-1.5753
TXN_1A2B91A8,2026-08-14 00:19:00.000,2026-08-14,MERCH_001,Gaming,Volume_Custom,CUST_0014,AE,Standard,GW_CROSSBORDER_X,Stripe Global,AED,AUTHORIZED,FALSE,FALSE,3984.42,0.270000,1075.7934,59.7663,99.8605,3884.81,99.61,0.00,-37.7201
TXN_2438996C,2026-06-23 02:30:00.000,2026-06-23,MERCH_003,SaaS_Services,Tier_1_Default,CUST_0141,IN,Enterprise_VIP,GW_AE_LOCAL,GulfPay,INR,AUTHORIZED,FALSE,FALSE,538.50,0.012000,6.4620,13.4625,8.2275,525.04,13.46,0.00,-0.0987
TXN_98D83CD9,2026-08-14 11:54:00.000,2026-08-14,MERCH_010,Gaming,Volume_Custom,CUST_0004,SG,Standard,GW_AE_LOCAL,GulfPay,SGD,AUTHORIZED,FALSE,FALSE,1484.41,0.740000,1098.4634,22.2662,22.4162,1447.30,37.11,0.00,-27.5724
TXN_D9F196F5,2026-07-31 05:23:00.000,2026-07-31,MERCH_008,Retail_Tech,Tier_1_Default,CUST_0129,SG,Standard,GW_IN_LOCAL,PayFast,SGD,AUTHORIZED,FALSE,FALSE,1217.04,0.740000,900.6096,30.4260,6.1352,1186.61,30.43,0.00,-4.5430
TXN_8E610909,2026-08-11 22:19:00.000,2026-08-11,MERCH_001,Gaming,Volume_Custom,CUST_0148,SG,Standard,GW_CROSSBORDER_X,Stripe Global,SGD,AUTHORIZED,FALSE,FALSE,2222.86,0.740000,1644.9164,33.3429,55.8215,2167.29,55.57,0.00,-57.7560
TXN_8F9E6232,2026-08-01 22:38:00.000,2026-08-01,MERCH_001,Gaming,Volume_Custom,CUST_0146,AE,Standard,GW_AE_LOCAL,GulfPay,AED,AUTHORIZED,FALSE,FALSE,1065.22,0.270000,287.6094,15.9783,16.1283,1038.59,26.63,0.00,-7.2306
TXN_02721632,2026-07-05 03:39:00.000,2026-07-05,MERCH_002,SaaS_Services,Volume_Custom,CUST_0074,AE,SMB,GW_SG_LOCAL,SingaNet,AED,AUTHORIZED,FALSE,FALSE,1134.21,0.270000,306.2367,17.0132,13.7105,1105.85,28.36,0.00,-6.7655
TXN_2580697E,2026-08-08 07:11:00.000,2026-08-08,MERCH_024,Hospitality,Volume_Custom,CUST_0002,IN,Enterprise_VIP,GW_CROSSBORDER_X,Stripe Global,INR,AUTHORIZED,FALSE,FALSE,2540.61,0.012000,30.4873,38.1092,63.7653,2477.09,63.52,0.00,-1.0701
TXN_33AB0F22,2026-08-03 09:00:00.000,2026-08-03,MERCH_024,Hospitality,Volume_Custom,CUST_0050,SG,Standard,GW_CROSSBORDER_X,Stripe Global,SGD,AUTHORIZED,FALSE,FALSE,3633.55,0.740000,2688.8270,54.5033,91.0888,3542.71,90.84,0.00,-94.2949
TXN_E57BAF17,2026-09-06 01:44:00.000,2026-09-06,MERCH_020,Retail_Tech,Volume_Custom,CUST_0132,AE,Standard,GW_SG_LOCAL,SingaNet,AED,AUTHORIZED,FALSE,FALSE,1113.95,0.270000,300.7665,16.7093,13.4674,1086.10,27.85,0.00,-6.6442
TXN_00017F80,2026-07-25 00:07:00.000,2026-07-25,MERCH_020,Retail_Tech,Volume_Custom,CUST_0135,IN,Enterprise_VIP,GW_CROSSBORDER_X,Stripe Global,INR,AUTHORIZED,FALSE,FALSE,3919.39,0.012000,47.0327,58.7909,98.2348,3821.41,97.98,0.00,-1.6491
TXN_F2F22FA7,2026-06-04 05:30:00.000,2026-06-04,MERCH_023,Retail_Tech,Volume_Custom,CUST_0137,AE,Standard,GW_IN_LOCAL,PayFast,AED,AUTHORIZED,FALSE,FALSE,1716.47,0.270000,463.4469,25.7471,8.6324,1673.56,42.91,0.00,-6.9647
TXN_6AC88361,2026-07-06 00:19:00.000,2026-07-06,MERCH_005,Hospitality,Tier_1_Default,CUST_0004,SG,Standard,GW_CROSSBORDER_X,Stripe Global,SGD,DECLINED,FALSE,FALSE,2767.17,0.740000,2047.7058,0.0000,0.0000,0.00,0.00,0.00,0.0000
TXN_1806269F,2026-07-01 05:05:00.000,2026-07-01,MERCH_021,Gaming,IC_Plus,CUST_0050,SG,Standard,GW_CROSSBORDER_X,Stripe Global,SGD,DECLINED,FALSE,FALSE,2334.21,0.740000,1727.3154,0.0000,0.0000,0.00,0.00,0.00,0.0000
TXN_61C9B629,2026-07-24 05:03:00.000,2026-07-24,MERCH_007,SaaS_Services,IC_Plus,CUST_0028,AE,Standard,GW_AE_LOCAL,GulfPay,AED,AUTHORIZED,FALSE,TRUE,-321.32,0.270000,-86.7564,0.0000,0.0000,-313.29,-8.03,0.00,2.1681
TXN_964BC6B5,2026-06-23 01:21:00.000,2026-06-23,MERCH_011,SaaS_Services,Tier_1_Default,CUST_0143,AE,Standard,GW_SG_LOCAL,SingaNet,AED,AUTHORIZED,FALSE,FALSE,1005.62,0.270000,271.5174,25.1405,12.1674,980.48,25.14,0.00,-3.2851
TXN_2731B16B,2026-08-22 03:30:00.000,2026-08-22,MERCH_010,Gaming,Volume_Custom,CUST_0015,SG,Standard,GW_CROSSBORDER_X,Stripe Global,SGD,DECLINED,FALSE,FALSE,3500.10,0.740000,2590.0740,0.0000,0.0000,0.00,0.00,0.00,0.0000
TXN_A696F12B,2026-07-20 21:11:00.000,2026-07-20,MERCH_009,Retail_Tech,Tier_1_Default,CUST_0114,IN,SMB,GW_AE_LOCAL,GulfPay,INR,FAILED,FALSE,FALSE,954.58,0.012000,11.4550,0.0000,0.0000,0.00,0.00,0.00,0.0000
TXN_CE002468,2026-08-29 05:32:00.000,2026-08-29,MERCH_024,Hospitality,Volume_Custom,CUST_0008,SG,SMB,GW_CROSSBORDER_X,Stripe Global,SGD,AUTHORIZED,FALSE,FALSE,3526.85,0.740000,2609.8690,52.9028,88.4213,3438.68,88.17,0.00,-91.5295
TXN_DAC8F65D,2026-08-11 00:50:00.000,2026-08-11,MERCH_016,SaaS_Services,Volume_Custom,CUST_0048,AE,Standard,GW_CROSSBORDER_X,Stripe Global,AED,DECLINED,FALSE,FALSE,3131.72,0.270000,845.5644,0.0000,0.0000,0.00,0.00,0.00,0.0000
TXN_8E39310E,2026-07-12 14:03:00.000,2026-07-12,MERCH_023,Retail_Tech,Volume_Custom,CUST_0071,AE,SMB,GW_CROSSBORDER_X,Stripe Global,AED,AUTHORIZED,FALSE,FALSE,3244.89,0.270000,876.1203,48.6734,81.3723,3163.77,81.12,0.00,-30.7311
TXN_F04F6118,2026-08-06 09:06:00.000,2026-08-06,MERCH_020,Retail_Tech,Volume_Custom,CUST_0129,SG,Standard,GW_SG_LOCAL,SingaNet,SGD,AUTHORIZED,FALSE,FALSE,1536.34,0.740000,1136.8916,23.0451,18.5361,1497.93,38.41,0.00,-25.0867
TXN_A9257190,2026-07-24 01:19:00.000,2026-07-24,MERCH_022,Retail_Tech,IC_Plus,CUST_0138,IN,SMB,GW_CROSSBORDER_X,Stripe Global,INR,DECLINED,FALSE,FALSE,3268.18,0.012000,39.2182,0.0000,0.0000,0.00,0.00,0.00,0.0000
TXN_A63F7801,2026-08-20 15:42:00.000,2026-08-20,MERCH_016,SaaS_Services,Volume_Custom,CUST_0082,AE,Standard,GW_CROSSBORDER_X,Stripe Global,AED,AUTHORIZED,FALSE,FALSE,3486.58,0.270000,941.3766,52.2987,87.4145,3399.42,87.16,0.00,-33.0145
TXN_6178C08B,2026-09-01 07:36:00.000,2026-09-01,MERCH_UNKNOWN,UNKNOWN,Tier_1_Default,CUST_0147,SG,Standard,GW_SG_LOCAL,SingaNet,SGD,AUTHORIZED,TRUE,FALSE,1319.77,0.740000,976.6298,26.3954,15.9372,1286.78,32.99,0.00,-16.6736
TXN_6C939E6C,2026-08-24 02:22:00.000,2026-08-24,MERCH_016,SaaS_Services,Volume_Custom,CUST_0061,IN,Standard,GW_CROSSBORDER_X,Stripe Global,INR,DECLINED,FALSE,FALSE,2569.51,0.012000,30.8341,0.0000,0.0000,0.00,0.00,0.00,0.0000
TXN_1D23A71C,2026-09-12 13:38:00.000,2026-09-12,MERCH_002,SaaS_Services,Volume_Custom,CUST_0145,SG,Standard,GW_SG_LOCAL,SingaNet,SGD,AUTHORIZED,FALSE,FALSE,1331.29,0.740000,985.1546,19.9694,16.0755,1298.01,33.28,0.00,-21.7457
TXN_9FD21D14,2026-09-05 00:56:00.000,2026-09-05,MERCH_001,Gaming,Volume_Custom,CUST_0095,SG,SMB,GW_AE_LOCAL,GulfPay,SGD,AUTHORIZED,FALSE,FALSE,722.49,0.740000,534.6426,10.8374,10.9874,704.43,18.06,0.00,-13.4754
TXN_5EFC1E54,2026-06-25 09:03:00.000,2026-06-25,MERCH_017,Retail_Tech,IC_Plus,CUST_0116,AE,SMB,GW_IN_LOCAL,PayFast,AED,DECLINED,FALSE,FALSE,1389.29,0.270000,375.1083,0.0000,0.0000,0.00,0.00,0.00,0.0000
TXN_041501CF,2026-08-23 10:42:00.000,2026-08-23,MERCH_006,Gaming,Volume_Custom,CUST_0088,IN,Standard,GW_AE_LOCAL,GulfPay,INR,AUTHORIZED,FALSE,FALSE,471.43,0.012000,5.6572,7.0715,7.2215,459.64,11.79,0.00,-0.1433
TXN_361614F3,2026-09-10 19:40:00.000,2026-09-10,MERCH_006,Gaming,Volume_Custom,CUST_0038,SG,Standard,GW_AE_LOCAL,GulfPay,SGD,DECLINED,FALSE,TRUE,-286.33,0.740000,-211.8842,0.0000,0.0000,0.00,0.00,0.00,0.0000
TXN_ABA9D6F4,2026-09-10 17:44:00.000,2026-09-10,MERCH_016,SaaS_Services,Volume_Custom,CUST_0041,IN,Standard,GW_CROSSBORDER_X,Stripe Global,INR,AUTHORIZED,FALSE,FALSE,2880.53,0.012000,34.5664,43.2080,72.2633,2808.52,72.01,0.00,-1.2128
TXN_11DF235F,2026-08-12 22:53:00.000,2026-08-12,MERCH_006,Gaming,Volume_Custom,CUST_0012,AE,Enterprise_VIP,GW_CROSSBORDER_X,Stripe Global,AED,AUTHORIZED,FALSE,FALSE,3796.01,0.270000,1024.9227,56.9402,95.1503,3701.11,94.90,0.00,-35.9397
TXN_4E51D6C5,2026-09-06 11:16:00.000,2026-09-06,MERCH_020,Retail_Tech,Volume_Custom,CUST_0080,SG,Standard,GW_SG_LOCAL,SingaNet,SGD,AUTHORIZED,FALSE,FALSE,507.26,0.740000,375.3724,7.6089,6.1871,494.58,12.68,0.00,-8.3311
TXN_BDF89FAC,2026-09-01 10:15:00.000,2026-09-01,MERCH_024,Hospitality,Volume_Custom,CUST_0089,AE,SMB,GW_SG_LOCAL,SingaNet,AED,AUTHORIZED,FALSE,FALSE,1311.47,0.270000,354.0969,19.6721,15.8376,1278.68,32.79,0.00,-7.8180
TXN_755C1FE7,2026-08-22 23:47:00.000,2026-08-22,MERCH_024,Hospitality,Volume_Custom,CUST_0143,AE,Standard,GW_SG_LOCAL,SingaNet,AED,DECLINED,FALSE,FALSE,1687.58,0.270000,455.6466,0.0000,0.0000,0.00,0.00,0.00,0.0000
TXN_41B0DD41,2026-06-13 12:56:00.000,2026-06-13,MERCH_025,Hospitality,IC_Plus,CUST_0091,IN,Standard,GW_CROSSBORDER_X,Stripe Global,INR,AUTHORIZED,FALSE,FALSE,2465.90,0.012000,29.5908,44.3862,61.8975,2404.25,61.65,0.00,-0.9499
TXN_7C1521AF,2026-07-21 10:16:00.000,2026-07-21,MERCH_016,SaaS_Services,Volume_Custom,CUST_0138,IN,SMB,GW_IN_LOCAL,PayFast,INR,AUTHORIZED,FALSE,FALSE,1222.46,0.012000,14.6695,18.3369,6.1623,1198.02,24.44,0.00,-0.1472
TXN_FD4E137C,2026-09-01 07:10:00.000,2026-09-01,MERCH_016,SaaS_Services,Volume_Custom,CUST_0037,AE,Standard,GW_CROSSBORDER_X,Stripe Global,AED,DECLINED,FALSE,FALSE,2622.28,0.270000,708.0156,0.0000,0.0000,0.00,0.00,0.00,0.0000
TXN_8C0CF4AD,2026-08-08 15:52:00.000,2026-08-08,MERCH_020,Retail_Tech,Volume_Custom,CUST_0129,SG,Standard,GW_CROSSBORDER_X,Stripe Global,SGD,AUTHORIZED,FALSE,FALSE,2049.58,0.740000,1516.6892,30.7437,51.4895,1998.34,51.24,0.00,-53.2695
TXN_A320B610,2026-08-19 05:47:00.000,2026-08-19,MERCH_020,Retail_Tech,Volume_Custom,CUST_0048,AE,Standard,GW_CROSSBORDER_X,Stripe Global,AED,AUTHORIZED,FALSE,FALSE,2658.78,0.270000,717.8706,39.8817,66.7195,2592.31,66.47,0.00,-25.1931
TXN_47A3B801,2026-06-30 21:08:00.000,2026-06-30,MERCH_021,Gaming,IC_Plus,CUST_0046,SG,Standard,GW_CROSSBORDER_X,Stripe Global,SGD,AUTHORIZED,FALSE,FALSE,3007.04,0.740000,2225.2096,54.1267,75.4260,2931.86,75.18,0.00,-71.3947
TXN_907EFED3,2026-09-04 22:57:00.000,2026-09-04,MERCH_024,Hospitality,Volume_Custom,CUST_0004,SG,Standard,GW_SG_LOCAL,SingaNet,SGD,AUTHORIZED,FALSE,FALSE,597.94,0.740000,442.4756,8.9691,7.2753,582.99,14.95,0.00,-9.8096
TXN_15DA53A1,2026-07-24 01:34:00.000,2026-07-24,MERCH_007,SaaS_Services,IC_Plus,CUST_0115,AE,Standard,GW_CROSSBORDER_X,Stripe Global,AED,AUTHORIZED,FALSE,FALSE,3400.45,0.270000,918.1215,61.2081,85.2613,3315.44,85.01,0.00,-29.4471
TXN_A7B712B7,2026-09-04 02:29:00.000,2026-09-04,MERCH_024,Hospitality,Volume_Custom,CUST_0108,IN,SMB,GW_CROSSBORDER_X,Stripe Global,INR,AUTHORIZED,FALSE,FALSE,2306.93,0.012000,27.6832,34.6040,57.9233,2249.26,57.67,0.00,-0.9719
TXN_99EC409B,2026-08-22 23:46:00.000,2026-08-22,MERCH_020,Retail_Tech,Volume_Custom,CUST_0024,AE,Standard,GW_SG_LOCAL,SingaNet,AED,AUTHORIZED,FALSE,FALSE,598.81,0.270000,161.6787,8.9822,7.2857,583.84,14.97,0.00,-3.5839
TXN_B95965DF,2026-07-19 23:28:00.000,2026-07-19,MERCH_UNKNOWN,UNKNOWN,Tier_1_Default,CUST_0040,AE,Standard,GW_CROSSBORDER_X,Stripe Global,AED,AUTHORIZED,TRUE,FALSE,3082.48,0.270000,832.2696,61.6496,77.3120,3005.42,77.06,0.00,-25.0350
TXN_CCDC836E,2026-06-13 03:38:00.000,2026-06-13,MERCH_005,Hospitality,Tier_1_Default,CUST_0119,SG,SMB,GW_CROSSBORDER_X,Stripe Global,SGD,DECLINED,FALSE,FALSE,3218.40,0.740000,2381.6160,0.0000,0.0000,0.00,0.00,0.00,0.0000
TXN_F990E26C,2026-08-04 23:45:00.000,2026-08-04,MERCH_010,Gaming,Volume_Custom,CUST_0055,SG,Standard,GW_AE_LOCAL,GulfPay,SGD,AUTHORIZED,FALSE,FALSE,1004.30,0.740000,743.1820,15.0645,15.2145,979.19,25.11,0.00,-18.6924
TXN_DC6048F8,2026-08-26 04:08:00.000,2026-08-26,MERCH_024,Hospitality,Volume_Custom,CUST_0101,SG,Standard,GW_CROSSBORDER_X,Stripe Global,SGD,AUTHORIZED,FALSE,FALSE,2673.64,0.740000,1978.4936,40.1046,67.0910,2606.80,66.84,2673.64,-2047.9251
TXN_1C5B5FCE,2026-09-11 19:04:00.000,2026-09-11,MERCH_023,Retail_Tech,Volume_Custom,CUST_0087,SG,SMB,GW_CROSSBORDER_X,Stripe Global,SGD,AUTHORIZED,FALSE,FALSE,3566.79,0.740000,2639.4246,53.5019,89.4198,3477.62,89.17,0.00,-92.5650
TXN_EE6B039C,2026-06-17 20:54:00.000,2026-06-17,MERCH_009,Retail_Tech,Tier_1_Default,CUST_0073,IN,Standard,GW_AE_LOCAL,GulfPay,INR,AUTHORIZED,FALSE,FALSE,1712.70,0.012000,20.5524,42.8175,25.8405,1669.88,42.82,0.00,-0.3101
TXN_E4F7927E,2026-08-11 18:42:00.000,2026-08-11,MERCH_020,Retail_Tech,Volume_Custom,CUST_0002,IN,Enterprise_VIP,GW_CROSSBORDER_X,Stripe Global,INR,AUTHORIZED,FALSE,FALSE,3447.36,0.012000,41.3683,51.7104,86.4340,3361.18,86.18,0.00,-1.4508
TXN_D8B099B6,2026-06-18 15:21:00.000,2026-06-18,MERCH_008,Retail_Tech,Tier_1_Default,CUST_0067,AE,Standard,GW_CROSSBORDER_X,Stripe Global,AED,DECLINED,FALSE,FALSE,2554.27,0.270000,689.6529,0.0000,0.0000,0.00,0.00,0.00,0.0000
TXN_CCD35FC7,2026-07-21 17:47:00.000,2026-07-21,MERCH_011,SaaS_Services,Tier_1_Default,CUST_0145,SG,Standard,GW_SG_LOCAL,SingaNet,SGD,AUTHORIZED,FALSE,FALSE,1765.09,0.740000,1306.1666,44.1273,21.2811,1729.78,35.30,0.00,-9.2158
TXN_A42A3DAF,2026-08-02 09:45:00.000,2026-08-02,MERCH_001,Gaming,Volume_Custom,CUST_0034,AE,Enterprise_VIP,GW_CROSSBORDER_X,Stripe Global,AED,AUTHORIZED,FALSE,FALSE,3573.18,0.270000,964.7586,53.5977,89.5795,3483.85,89.33,0.00,-33.8342
TXN_6A4199FE,2026-09-08 02:45:00.000,2026-09-08,MERCH_020,Retail_Tech,Volume_Custom,CUST_0118,IN,Standard,GW_CROSSBORDER_X,Stripe Global,INR,AUTHORIZED,FALSE,FALSE,2778.86,0.012000,33.3463,41.6829,69.7215,2709.39,69.47,0.00,-1.1701
TXN_403A22BA,2026-08-26 07:18:00.000,2026-08-26,MERCH_020,Retail_Tech,Volume_Custom,CUST_0104,SG,Standard,GW_CROSSBORDER_X,Stripe Global,SGD,AUTHORIZED,FALSE,FALSE,2175.02,0.740000,1609.5148,32.6253,54.6255,2120.64,54.38,0.00,-56.5213
TXN_7150CA7C,2026-06-28 14:11:00.000,2026-06-28,MERCH_003,SaaS_Services,Tier_1_Default,CUST_0071,AE,SMB,GW_AE_LOCAL,GulfPay,AED,AUTHORIZED,FALSE,FALSE,1564.01,0.270000,422.2827,39.1003,23.6102,1524.91,39.10,0.00,-6.3747
TXN_D37551B1,2026-08-02 19:56:00.000,2026-08-02,MERCH_001,Gaming,Volume_Custom,CUST_0083,IN,Standard,GW_AE_LOCAL,GulfPay,INR,AUTHORIZED,FALSE,TRUE,0.00,0.012000,0.0000,0.0000,0.0000,0.00,0.00,0.00,0.0000
TXN_C9CA5E3B,2026-08-28 19:39:00.000,2026-08-28,MERCH_001,Gaming,Volume_Custom,CUST_0062,AE,Standard,GW_AE_LOCAL,GulfPay,AED,AUTHORIZED,FALSE,TRUE,0.00,0.270000,0.0000,0.0000,0.0000,0.00,0.00,0.00,0.0000
TXN_BD67B8C2,2026-08-04 12:00:00.000,2026-08-04,MERCH_023,Retail_Tech,Volume_Custom,CUST_0118,IN,Standard,GW_CROSSBORDER_X,Stripe Global,INR,AUTHORIZED,FALSE,FALSE,3567.65,0.012000,42.8118,53.5148,89.4413,3478.46,89.19,0.00,-1.5014
TXN_F7C2BA0D,2026-07-20 14:18:00.000,2026-07-20,MERCH_016,SaaS_Services,Volume_Custom,CUST_0079,SG,Standard,GW_CROSSBORDER_X,Stripe Global,SGD,AUTHORIZED,FALSE,FALSE,3201.47,0.740000,2369.0878,48.0221,80.2868,3121.43,80.04,0.00,-83.1055
TXN_D61E754B,2026-08-12 07:31:00.000,2026-08-12,MERCH_023,Retail_Tech,Volume_Custom,CUST_0143,AE,Standard,GW_IN_LOCAL,PayFast,AED,AUTHORIZED,FALSE,FALSE,1947.71,0.270000,525.8817,29.2157,9.7886,1899.02,48.69,0.00,-7.9010
TXN_F01FF7BA,2026-08-13 13:16:00.000,2026-08-13,MERCH_023,Retail_Tech,Volume_Custom,CUST_0121,SG,SMB,GW_IN_LOCAL,PayFast,SGD,AUTHORIZED,FALSE,FALSE,1623.22,0.740000,1201.1828,24.3483,8.1661,1582.64,40.58,0.00,-18.0544
TXN_867D43A4,2026-08-30 05:38:00.000,2026-08-30,MERCH_010,Gaming,Volume_Custom,CUST_0134,AE,Standard,GW_CROSSBORDER_X,Stripe Global,AED,DECLINED,FALSE,FALSE,3923.08,0.270000,1059.2316,0.0000,0.0000,0.00,0.00,0.00,0.0000
TXN_AFEB0BA5,2026-09-07 18:13:00.000,2026-09-07,MERCH_UNKNOWN,UNKNOWN,Tier_1_Default,CUST_0120,IN,Standard,GW_CROSSBORDER_X,Stripe Global,INR,AUTHORIZED,TRUE,FALSE,2261.92,0.012000,27.1430,45.2384,56.7980,2205.37,56.55,0.00,-0.8173
TXN_0F87FC66,2026-07-20 00:55:00.000,2026-07-20,MERCH_012,Retail_Tech,IC_Plus,CUST_0100,SG,Standard,GW_CROSSBORDER_X,Stripe Global,SGD,AUTHORIZED,FALSE,FALSE,3468.74,0.740000,2566.8676,62.4373,86.9685,3382.02,86.72,0.00,-82.3259
TXN_AA13F1DA,2026-06-01 06:12:00.000,2026-06-01,MERCH_023,Retail_Tech,Volume_Custom,CUST_0092,IN,SMB,GW_IN_LOCAL,PayFast,INR,AUTHORIZED,FALSE,FALSE,854.52,0.012000,10.2542,12.8178,4.3226,833.16,21.36,0.00,-0.1544
TXN_2E475789,2026-08-20 11:09:00.000,2026-08-20,MERCH_016,SaaS_Services,Volume_Custom,CUST_0073,IN,Standard,GW_IN_LOCAL,PayFast,INR,AUTHORIZED,FALSE,FALSE,1120.24,0.012000,13.4429,16.8036,5.6512,1092.23,28.01,1120.24,-13.6452
TXN_14558357,2026-07-20 14:23:00.000,2026-07-20,MERCH_011,SaaS_Services,Tier_1_Default,CUST_0039,IN,Standard,GW_SG_LOCAL,SingaNet,INR,FAILED,FALSE,FALSE,87.34,0.012000,1.0481,0.0000,0.0000,0.00,0.00,0.00,0.0000
TXN_019C1539,2026-08-03 18:24:00.000,2026-08-03,MERCH_016,SaaS_Services,Volume_Custom,CUST_0150,SG,Standard,GW_IN_LOCAL,PayFast,SGD,AUTHORIZED,FALSE,FALSE,904.65,0.740000,669.4410,13.5698,4.5733,882.03,22.62,0.00,-10.0814
TXN_EBD9FD27,2026-08-01 02:20:00.000,2026-08-01,MERCH_023,Retail_Tech,Volume_Custom,CUST_0015,SG,Standard,GW_CROSSBORDER_X,Stripe Global,SGD,AUTHORIZED,FALSE,FALSE,3019.39,0.740000,2234.3486,45.2909,75.7348,2943.91,75.48,3019.39,-2312.7323
TXN_2606E22F,2026-08-22 08:26:00.000,2026-08-22,MERCH_020,Retail_Tech,Volume_Custom,CUST_0017,SG,Standard,GW_SG_LOCAL,SingaNet,SGD,AUTHORIZED,FALSE,TRUE,-425.33,0.740000,-314.7442,0.0000,0.0000,-414.70,-10.63,0.00,7.8662
TXN_2249789A,2026-08-14 04:18:00.000,2026-08-14,MERCH_020,Retail_Tech,Volume_Custom,CUST_0059,AE,Standard,GW_CROSSBORDER_X,Stripe Global,AED,AUTHORIZED,FALSE,FALSE,3791.55,0.270000,1023.7185,56.8733,95.0388,3696.76,94.79,0.00,-35.8980
TXN_FDD12D2A,2026-08-11 15:52:00.000,2026-08-11,MERCH_002,SaaS_Services,Volume_Custom,CUST_0066,IN,Standard,GW_SG_LOCAL,SingaNet,INR,AUTHORIZED,FALSE,FALSE,679.48,0.012000,8.1538,10.1922,8.2538,662.49,16.99,0.00,-0.1806
TXN_0DA5EEA3,2026-07-24 20:43:00.000,2026-07-24,MERCH_010,Gaming,Volume_Custom,CUST_0084,IN,Standard,GW_CROSSBORDER_X,Stripe Global,INR,DECLINED,FALSE,FALSE,3113.39,0.012000,37.3607,0.0000,0.0000,0.00,0.00,0.00,0.0000
TXN_A777951D,2026-08-07 05:35:00.000,2026-08-07,MERCH_002,SaaS_Services,Volume_Custom,CUST_0082,AE,Standard,GW_SG_LOCAL,SingaNet,AED,AUTHORIZED,FALSE,FALSE,112.46,0.270000,30.3642,1.6869,1.4495,0.00,0.00,0.00,0.0641
TXN_9B6767C2,2026-08-28 10:38:00.000,2026-08-28,MERCH_023,Retail_Tech,Volume_Custom,CUST_0110,IN,Standard,GW_IN_LOCAL,PayFast,INR,AUTHORIZED,FALSE,FALSE,1507.47,0.012000,18.0896,22.6121,7.5874,1469.78,37.69,0.00,-0.2720
TXN_936AECD2,2026-08-04 06:46:00.000,2026-08-04,MERCH_024,Hospitality,Volume_Custom,CUST_0125,IN,Standard,GW_CROSSBORDER_X,Stripe Global,INR,AUTHORIZED,FALSE,FALSE,2512.70,0.012000,30.1524,37.6905,63.0675,0.00,0.00,0.00,-0.3045
TXN_1B1B2513,2026-08-16 03:28:00.000,2026-08-16,MERCH_010,Gaming,Volume_Custom,CUST_0040,AE,Standard,GW_CROSSBORDER_X,Stripe Global,AED,AUTHORIZED,FALSE,FALSE,2740.19,0.270000,739.8513,41.1029,68.7548,2671.69,68.50,0.00,-25.9610
TXN_1B5136D7,2026-09-07 04:07:00.000,2026-09-07,MERCH_016,SaaS_Services,Volume_Custom,CUST_0045,AE,Standard,GW_IN_LOCAL,PayFast,AED,AUTHORIZED,FALSE,FALSE,173.87,0.270000,46.9449,2.6081,0.9194,169.52,4.35,0.00,-0.7186
TXN_B83B89DD,2026-08-30 18:11:00.000,2026-08-30,MERCH_020,Retail_Tech,Volume_Custom,CUST_0070,SG,Enterprise_VIP,GW_CROSSBORDER_X,Stripe Global,SGD,DECLINED,FALSE,FALSE,2028.78,0.740000,1501.2972,0.0000,0.0000,0.00,0.00,0.00,0.0000
TXN_9C81C5FB,2026-09-03 11:38:00.000,2026-09-03,MERCH_UNKNOWN,UNKNOWN,Tier_1_Default,CUST_0101,SG,Standard,GW_IN_LOCAL,PayFast,SGD,AUTHORIZED,TRUE,FALSE,1965.90,0.740000,1454.7660,39.3180,9.8795,1916.75,49.15,0.00,-14.5865
TXN_7DA04713,2026-08-19 14:47:00.000,2026-08-19,MERCH_016,SaaS_Services,Volume_Custom,CUST_0053,SG,Enterprise_VIP,GW_CROSSBORDER_X,Stripe Global,SGD,AUTHORIZED,FALSE,FALSE,3316.54,0.740000,2454.2396,49.7481,83.1635,3233.63,82.91,0.00,-86.0808
TXN_97D2A92A,2026-09-13 05:13:00.000,2026-09-13,MERCH_002,SaaS_Services,Volume_Custom,CUST_0015,SG,Standard,GW_CROSSBORDER_X,Stripe Global,SGD,AUTHORIZED,FALSE,FALSE,3862.24,0.740000,2858.0576,57.9336,96.8060,3765.68,96.56,0.00,-100.2200
TXN_4467B602,2026-08-07 09:13:00.000,2026-08-07,MERCH_023,Retail_Tech,Volume_Custom,CUST_0086,IN,Standard,GW_CROSSBORDER_X,Stripe Global,INR,DECLINED,FALSE,FALSE,3100.82,0.012000,37.2098,0.0000,0.0000,0.00,0.00,0.00,0.0000
TXN_1B0E81BA,2026-08-13 15:52:00.000,2026-08-13,MERCH_020,Retail_Tech,Volume_Custom,CUST_0110,IN,Standard,GW_SG_LOCAL,SingaNet,INR,AUTHORIZED,FALSE,FALSE,1080.90,0.012000,12.9708,16.2135,13.0708,0.00,0.00,0.00,0.0377
TXN_D1C3E460,2026-08-24 08:22:00.000,2026-08-24,MERCH_001,Gaming,Volume_Custom,CUST_0125,IN,Standard,GW_CROSSBORDER_X,Stripe Global,INR,AUTHORIZED,FALSE,FALSE,3527.71,0.012000,42.3325,52.9157,88.4428,3439.52,88.19,0.00,-1.4846
TXN_B972AFBA,2026-09-07 08:19:00.000,2026-09-07,MERCH_024,Hospitality,Volume_Custom,CUST_0113,IN,Enterprise_VIP,GW_CROSSBORDER_X,Stripe Global,INR,AUTHORIZED,FALSE,FALSE,2676.07,0.012000,32.1128,40.1411,67.1518,2609.17,66.90,0.00,-1.1269
TXN_D1ED4303,2026-08-03 11:28:00.000,2026-08-03,MERCH_UNKNOWN,UNKNOWN,Tier_1_Default,CUST_0135,IN,Enterprise_VIP,GW_SG_LOCAL,SingaNet,INR,AUTHORIZED,TRUE,FALSE,735.54,0.012000,8.8265,14.7108,8.9265,717.15,18.39,0.00,-0.1513
TXN_9EDD511D,2026-08-27 07:14:00.000,2026-08-27,MERCH_024,Hospitality,Volume_Custom,CUST_0087,SG,SMB,GW_SG_LOCAL,SingaNet,SGD,AUTHORIZED,FALSE,FALSE,1125.84,0.740000,833.1216,16.8876,13.6101,1097.69,28.15,0.00,-18.4056
TXN_A7C5DA07,2026-09-09 20:20:00.000,2026-09-09,MERCH_002,SaaS_Services,Volume_Custom,CUST_0009,AE,Standard,GW_SG_LOCAL,SingaNet,AED,AUTHORIZED,FALSE,FALSE,50.50,0.270000,13.6350,0.7575,0.7060,49.24,1.26,0.00,-0.3263
TXN_FC3DE7A7,2026-09-03 06:31:00.000,2026-09-03,MERCH_020,Retail_Tech,Volume_Custom,CUST_0123,SG,Standard,GW_SG_LOCAL,SingaNet,SGD,AUTHORIZED,FALSE,FALSE,1959.43,0.740000,1449.9782,29.3915,23.6132,1910.44,48.99,0.00,-31.9767
TXN_20D2EF96,2026-08-30 08:12:00.000,2026-08-30,MERCH_023,Retail_Tech,Volume_Custom,CUST_0068,IN,SMB,GW_IN_LOCAL,PayFast,INR,AUTHORIZED,FALSE,FALSE,1968.38,0.012000,23.6206,29.5257,9.8919,1919.17,49.21,0.00,-0.3549
TXN_5FDD4460,2026-08-26 00:35:00.000,2026-08-26,MERCH_006,Gaming,Volume_Custom,CUST_0019,SG,Standard,GW_CROSSBORDER_X,Stripe Global,SGD,AUTHORIZED,FALSE,FALSE,2770.23,0.740000,2049.9702,41.5535,69.5058,2700.97,69.26,0.00,-71.9371
TXN_F9E05FBE,2026-06-18 10:27:00.000,2026-06-18,MERCH_008,Retail_Tech,Tier_1_Default,CUST_0053,SG,Enterprise_VIP,GW_CROSSBORDER_X,Stripe Global,SGD,AUTHORIZED,FALSE,FALSE,2218.36,0.740000,1641.5864,55.4590,55.7090,0.00,0.00,0.00,-0.1850
TXN_A2B4BB02,2026-08-12 11:44:00.000,2026-08-12,MERCH_006,Gaming,Volume_Custom,CUST_0139,AE,Standard,GW_AE_LOCAL,GulfPay,AED,AUTHORIZED,FALSE,FALSE,1329.86,0.270000,359.0622,19.9479,20.0979,1296.61,33.25,0.00,-9.0180
TXN_65FC4B98,2026-07-27 23:59:00.000,2026-07-27,MERCH_014,Gaming,Tier_1_Default,CUST_0061,IN,Standard,GW_SG_LOCAL,SingaNet,INR,AUTHORIZED,FALSE,FALSE,929.85,0.012000,11.1582,23.2463,11.2582,906.60,23.25,0.00,-0.1351
TXN_DFA86151,2026-07-23 06:34:00.000,2026-07-23,MERCH_023,Retail_Tech,Volume_Custom,CUST_0022,IN,Standard,GW_CROSSBORDER_X,Stripe Global,INR,AUTHORIZED,FALSE,FALSE,3804.00,0.012000,45.6480,57.0600,95.3500,3708.90,95.10,0.00,-1.6007
TXN_5E877BD0,2026-08-10 23:33:00.000,2026-08-10,MERCH_006,Gaming,Volume_Custom,CUST_0082,AE,Standard,GW_AE_LOCAL,GulfPay,AED,DECLINED,FALSE,FALSE,1941.95,0.270000,524.3265,0.0000,0.0000,0.00,0.00,0.00,0.0000
TXN_115F8DA7,2026-07-28 20:07:00.000,2026-07-28,MERCH_023,Retail_Tech,Volume_Custom,CUST_0035,IN,Enterprise_VIP,GW_IN_LOCAL,PayFast,INR,AUTHORIZED,FALSE,FALSE,1139.16,0.012000,13.6699,17.0874,5.7458,1110.68,28.48,0.00,-0.2057
TXN_B5C64633,2026-07-26 03:25:00.000,2026-07-26,MERCH_005,Hospitality,Tier_1_Default,CUST_0146,AE,Standard,GW_IN_LOCAL,PayFast,AED,FAILED,FALSE,FALSE,1449.92,0.270000,391.4784,0.0000,0.0000,0.00,0.00,0.00,0.0000
TXN_8134D955,2026-09-06 10:19:00.000,2026-09-06,MERCH_UNKNOWN,UNKNOWN,Tier_1_Default,CUST_0040,AE,Standard,GW_IN_LOCAL,PayFast,AED,AUTHORIZED,TRUE,FALSE,1104.50,0.270000,298.2150,22.0900,5.5725,1076.89,27.61,0.00,-2.9950
TXN_4E2F0024,2026-07-04 01:51:00.000,2026-07-04,MERCH_018,Gaming,IC_Plus,CUST_0130,IN,Standard,GW_SG_LOCAL,SingaNet,INR,AUTHORIZED,FALSE,FALSE,513.86,0.012000,6.1663,9.2495,6.2663,501.01,12.85,0.00,-0.1184
TXN_BCC07AFD,2026-07-09 16:45:00.000,2026-07-09,MERCH_023,Retail_Tech,Volume_Custom,CUST_0126,IN,Standard,GW_IN_LOCAL,PayFast,INR,AUTHORIZED,FALSE,TRUE,0.00,0.012000,0.0000,0.0000,0.0000,0.00,0.00,0.00,0.0000
TXN_40AF6C5C,2026-08-09 09:42:00.000,2026-08-09,MERCH_002,SaaS_Services,Volume_Custom,CUST_0149,AE,Standard,GW_SG_LOCAL,SingaNet,AED,AUTHORIZED,FALSE,FALSE,745.61,0.270000,201.3147,11.1842,9.0473,726.97,18.64,0.00,-4.4559
TXN_FF11ED89,2026-07-17 01:45:00.000,2026-07-17,MERCH_025,Hospitality,IC_Plus,CUST_0033,AE,Standard,GW_AE_LOCAL,GulfPay,AED,AUTHORIZED,FALSE,FALSE,465.21,0.270000,125.6067,8.3738,7.1282,453.58,11.63,0.00,-2.8038
TXN_B4266C1E,2026-08-19 02:13:00.000,2026-08-19,MERCH_002,SaaS_Services,Volume_Custom,CUST_0026,IN,SMB,GW_CROSSBORDER_X,Stripe Global,INR,DECLINED,FALSE,FALSE,2521.49,0.012000,30.2579,0.0000,0.0000,0.00,0.00,0.00,0.0000
TXN_1F671DCC,2026-08-25 01:49:00.000,2026-08-25,MERCH_024,Hospitality,Volume_Custom,CUST_0098,SG,Standard,GW_CROSSBORDER_X,Stripe Global,SGD,DECLINED,FALSE,FALSE,3797.01,0.740000,2809.7874,0.0000,0.0000,0.00,0.00,0.00,0.0000
TXN_C78A74EF,2026-07-29 02:54:00.000,2026-07-29,MERCH_019,SaaS_Services,Tier_1_Default,CUST_0139,AE,Standard,GW_CROSSBORDER_X,Stripe Global,AED,AUTHORIZED,FALSE,FALSE,3060.13,0.270000,826.2351,76.5033,76.7533,2983.63,76.50,0.00,-20.7225
TXN_97D13613,2026-09-04 20:41:00.000,2026-09-04,MERCH_020,Retail_Tech,Volume_Custom,CUST_0073,IN,Standard,GW_CROSSBORDER_X,Stripe Global,INR,AUTHORIZED,FALSE,FALSE,3105.02,0.012000,37.2602,46.5753,77.8755,3027.39,77.63,0.00,-1.3072
TXN_96953B91,2026-07-29 12:59:00.000,2026-07-29,MERCH_008,Retail_Tech,Tier_1_Default,CUST_0132,AE,Standard,GW_CROSSBORDER_X,Stripe Global,AED,AUTHORIZED,FALSE,FALSE,3442.06,0.270000,929.3562,86.0515,86.3015,3356.01,86.05,0.00,-23.3010
TXN_3CF20700,2026-08-24 14:38:00.000,2026-08-24,MERCH_001,Gaming,Volume_Custom,CUST_0127,IN,SMB,GW_CROSSBORDER_X,Stripe Global,INR,AUTHORIZED,FALSE,FALSE,2442.43,0.012000,29.3092,36.6365,61.3108,0.00,0.00,0.00,-0.2961
TXN_7B49DF9C,2026-08-30 03:23:00.000,2026-08-30,MERCH_020,Retail_Tech,Volume_Custom,CUST_0020,AE,Standard,GW_SG_LOCAL,SingaNet,AED,DECLINED,FALSE,FALSE,851.99,0.270000,230.0373,0.0000,0.0000,0.00,0.00,0.00,0.0000
TXN_77DFBE9C,2026-06-08 22:32:00.000,2026-06-08,MERCH_017,Retail_Tech,IC_Plus,CUST_0133,IN,Standard,GW_CROSSBORDER_X,Stripe Global,INR,DECLINED,FALSE,FALSE,2212.45,0.012000,26.5494,0.0000,0.0000,0.00,0.00,0.00,0.0000
TXN_D374CB72,2026-09-03 05:20:00.000,2026-09-03,MERCH_UNKNOWN,UNKNOWN,Tier_1_Default,CUST_0057,IN,Standard,GW_CROSSBORDER_X,Stripe Global,INR,FAILED,TRUE,FALSE,2379.31,0.012000,28.5517,0.0000,0.0000,0.00,0.00,0.00,0.0000
TXN_0407E3E7,2026-07-16 09:56:00.000,2026-07-16,MERCH_023,Retail_Tech,Volume_Custom,CUST_0137,AE,Standard,GW_IN_LOCAL,PayFast,AED,FAILED,FALSE,FALSE,1138.05,0.270000,307.2735,0.0000,0.0000,0.00,0.00,0.00,0.0000
TXN_4B1CA01D,2026-08-09 15:29:00.000,2026-08-09,MERCH_010,Gaming,Volume_Custom,CUST_0132,AE,Standard,GW_AE_LOCAL,GulfPay,AED,AUTHORIZED,FALSE,FALSE,1065.57,0.270000,287.7039,15.9836,16.1336,1038.93,26.64,0.00,-7.2333
TXN_B1705708,2026-06-14 21:20:00.000,2026-06-14,MERCH_020,Retail_Tech,Volume_Custom,CUST_0030,SG,Standard,GW_SG_LOCAL,SingaNet,SGD,AUTHORIZED,FALSE,FALSE,799.30,0.740000,591.4820,11.9895,9.6916,779.32,19.98,0.00,-13.0848
TXN_A42E49FE,2026-07-21 03:55:00.000,2026-07-21,MERCH_002,SaaS_Services,Volume_Custom,CUST_0145,SG,Standard,GW_CROSSBORDER_X,Stripe Global,SGD,DECLINED,FALSE,FALSE,3634.56,0.740000,2689.5744,0.0000,0.0000,0.00,0.00,0.00,0.0000
TXN_8594D77F,2026-09-04 04:51:00.000,2026-09-04,MERCH_024,Hospitality,Volume_Custom,CUST_0137,AE,Standard,GW_SG_LOCAL,SingaNet,AED,DECLINED,FALSE,FALSE,1237.37,0.270000,334.0899,0.0000,0.0000,0.00,0.00,0.00,0.0000
TXN_47B52B95,2026-08-20 19:25:00.000,2026-08-20,MERCH_016,SaaS_Services,Volume_Custom,CUST_0083,IN,Standard,GW_IN_LOCAL,PayFast,INR,AUTHORIZED,FALSE,FALSE,1880.10,0.012000,22.5612,28.2015,9.4505,1833.10,47.00,0.00,-0.3390
TXN_08402107,2026-07-30 10:22:00.000,2026-07-30,MERCH_015,Retail_Tech,Tier_1_Default,CUST_0106,AE,Standard,GW_CROSSBORDER_X,Stripe Global,AED,AUTHORIZED,FALSE,FALSE,2006.88,0.270000,541.8576,50.1720,50.4220,1956.71,50.17,0.00,-13.6134
TXN_CA9DAD90,2026-08-29 16:51:00.000,2026-08-29,MERCH_001,Gaming,Volume_Custom,CUST_0049,AE,Standard,GW_CROSSBORDER_X,Stripe Global,AED,AUTHORIZED,FALSE,FALSE,3558.80,0.270000,960.8760,53.3820,89.2200,3469.83,88.97,0.00,-33.6982
TXN_53F10B22,2026-08-29 11:00:00.000,2026-08-29,MERCH_002,SaaS_Services,Volume_Custom,CUST_0044,AE,Enterprise_VIP,GW_SG_LOCAL,SingaNet,AED,AUTHORIZED,FALSE,TRUE,-387.83,0.270000,-104.7141,0.0000,0.0000,-378.13,-9.70,0.00,2.6190
TXN_628664EB,2026-06-04 23:00:00.000,2026-06-04,MERCH_011,SaaS_Services,Tier_1_Default,CUST_0100,SG,Standard,GW_CROSSBORDER_X,Stripe Global,SGD,AUTHORIZED,FALSE,FALSE,3803.64,0.740000,2814.6936,95.0910,95.3410,3708.55,95.09,0.00,-70.5516
TXN_5165A780,2026-08-19 22:56:00.000,2026-08-19,MERCH_006,Gaming,Volume_Custom,CUST_0017,SG,Standard,GW_CROSSBORDER_X,Stripe Global,SGD,AUTHORIZED,FALSE,FALSE,3054.80,0.740000,2260.5520,45.8220,76.6200,0.00,0.00,0.00,-22.7905
TXN_6D650EBB,2026-08-06 05:58:00.000,2026-08-06,MERCH_001,Gaming,Volume_Custom,CUST_0024,AE,Standard,GW_CROSSBORDER_X,Stripe Global,AED,AUTHORIZED,FALSE,FALSE,3665.13,0.270000,989.5851,54.9770,91.8783,3573.50,91.63,0.00,-34.7035
TXN_263E5433,2026-09-11 06:11:00.000,2026-09-11,MERCH_001,Gaming,Volume_Custom,CUST_0039,IN,Standard,GW_CROSSBORDER_X,Stripe Global,INR,AUTHORIZED,FALSE,FALSE,3258.84,0.012000,39.1061,48.8826,81.7210,3177.37,81.47,0.00,-1.3717
TXN_2AD2FC0F,2026-09-12 03:06:00.000,2026-09-12,MERCH_006,Gaming,Volume_Custom,CUST_0145,SG,Standard,GW_AE_LOCAL,GulfPay,SGD,AUTHORIZED,FALSE,FALSE,1291.02,0.740000,955.3548,19.3653,19.5153,1258.74,32.28,0.00,-23.9982
TXN_C6060316,2026-09-10 03:34:00.000,2026-09-10,MERCH_020,Retail_Tech,Volume_Custom,CUST_0063,AE,SMB,GW_CROSSBORDER_X,Stripe Global,AED,AUTHORIZED,FALSE,FALSE,2777.76,0.270000,749.9952,41.6664,69.6940,2708.32,69.44,0.00,-26.3163
TXN_5505E40A,2026-08-26 09:50:00.000,2026-08-26,MERCH_023,Retail_Tech,Volume_Custom,CUST_0105,AE,Enterprise_VIP,GW_CROSSBORDER_X,Stripe Global,AED,AUTHORIZED,FALSE,FALSE,3044.39,0.270000,821.9853,45.6659,76.3598,2968.28,76.11,0.00,-28.8371
TXN_052B9E57,2026-09-13 01:15:00.000,2026-09-13,MERCH_023,Retail_Tech,Volume_Custom,CUST_0096,AE,Standard,GW_IN_LOCAL,PayFast,AED,AUTHORIZED,FALSE,FALSE,1299.86,0.270000,350.9622,19.4979,6.5493,1267.36,32.50,0.00,-5.2789
TXN_741A8486,2026-08-06 13:47:00.000,2026-08-06,MERCH_016,SaaS_Services,Volume_Custom,CUST_0024,AE,Standard,GW_IN_LOCAL,PayFast,AED,DECLINED,FALSE,FALSE,14.59,0.270000,3.9393,0.0000,0.0000,0.00,0.00,0.00,0.0000
TXN_6D3D5AE8,2026-08-01 18:31:00.000,2026-08-01,MERCH_020,Retail_Tech,Volume_Custom,CUST_0070,SG,Enterprise_VIP,GW_CROSSBORDER_X,Stripe Global,SGD,DECLINED,FALSE,FALSE,2078.57,0.740000,1538.1418,0.0000,0.0000,0.00,0.00,0.00,0.0000
TXN_4D3FDAAA,2026-07-04 21:15:00.000,2026-07-04,MERCH_005,Hospitality,Tier_1_Default,CUST_0048,AE,Standard,GW_CROSSBORDER_X,Stripe Global,AED,AUTHORIZED,FALSE,FALSE,3042.36,0.270000,821.4372,76.0590,76.3090,2966.30,76.06,0.00,-20.6037
TXN_8401D573,2026-07-12 06:56:00.000,2026-07-12,MERCH_009,Retail_Tech,Tier_1_Default,CUST_0148,SG,Standard,GW_AE_LOCAL,GulfPay,SGD,AUTHORIZED,FALSE,FALSE,1159.24,0.740000,857.8376,28.9810,17.5386,0.00,0.00,0.00,8.4674
TXN_AA56A499,2026-07-08 23:50:00.000,2026-07-08,MERCH_002,SaaS_Services,Volume_Custom,CUST_0090,AE,Standard,GW_SG_LOCAL,SingaNet,AED,AUTHORIZED,FALSE,TRUE,-191.29,0.270000,-51.6483,0.0000,0.0000,-186.51,-4.78,0.00,1.2906
TXN_AD100B78,2026-08-16 08:10:00.000,2026-08-16,MERCH_024,Hospitality,Volume_Custom,CUST_0102,IN,Standard,GW_SG_LOCAL,SingaNet,INR,AUTHORIZED,FALSE,FALSE,64.56,0.012000,0.7747,0.9684,0.8747,62.95,1.61,0.00,-0.0182
TXN_7863B5EE,2026-08-07 13:55:00.000,2026-08-07,MERCH_001,Gaming,Volume_Custom,CUST_0034,AE,Enterprise_VIP,GW_CROSSBORDER_X,Stripe Global,AED,AUTHORIZED,FALSE,FALSE,3652.59,0.270000,986.1993,54.7889,91.5648,3561.28,91.31,0.00,-34.5832
TXN_AB770C80,2026-08-26 15:45:00.000,2026-08-26,MERCH_016,SaaS_Services,Volume_Custom,CUST_0149,AE,Standard,GW_IN_LOCAL,PayFast,AED,DECLINED,FALSE,FALSE,624.34,0.270000,168.5718,0.0000,0.0000,0.00,0.00,0.00,0.0000
TXN_F7459806,2026-07-22 09:57:00.000,2026-07-22,MERCH_022,Retail_Tech,IC_Plus,CUST_0124,AE,Standard,GW_CROSSBORDER_X,Stripe Global,AED,AUTHORIZED,FALSE,FALSE,3340.55,0.270000,901.9485,60.1299,83.7638,3257.04,83.51,0.00,-28.9288
TXN_53260336,2026-07-27 16:07:00.000,2026-07-27,MERCH_007,SaaS_Services,IC_Plus,CUST_0004,SG,Standard,GW_AE_LOCAL,GulfPay,SGD,AUTHORIZED,FALSE,FALSE,1540.51,0.740000,1139.9774,27.7292,23.2577,1502.00,38.51,0.00,-25.1885
TXN_598FCB76,2026-07-16 20:27:00.000,2026-07-16,MERCH_014,Gaming,Tier_1_Default,CUST_0003,AE,SMB,GW_CROSSBORDER_X,Stripe Global,AED,AUTHORIZED,FALSE,FALSE,3457.47,0.270000,933.5169,86.4368,86.6868,3388.32,69.14,0.00,-18.7353
TXN_D28B4E13,2026-09-05 09:25:00.000,2026-09-05,MERCH_002,SaaS_Services,Volume_Custom,CUST_0102,IN,Standard,GW_SG_LOCAL,SingaNet,INR,AUTHORIZED,FALSE,FALSE,1366.10,0.012000,16.3932,20.4915,16.4932,1331.95,34.15,0.00,-0.3618
TXN_96C5CDE3,2026-08-28 17:19:00.000,2026-08-28,MERCH_001,Gaming,Volume_Custom,CUST_0032,AE,Standard,GW_AE_LOCAL,GulfPay,AED,AUTHORIZED,FALSE,TRUE,0.00,0.270000,0.0000,0.0000,0.0000,0.00,0.00,0.00,0.0000
TXN_ECF08BBF,2026-08-10 10:11:00.000,2026-08-10,MERCH_016,SaaS_Services,Volume_Custom,CUST_0046,SG,Standard,GW_CROSSBORDER_X,Stripe Global,SGD,AUTHORIZED,FALSE,FALSE,2643.16,0.740000,1955.9384,39.6474,66.3290,2577.08,66.08,0.00,-68.6436
TXN_356DAEAE,2026-09-12 05:04:00.000,2026-09-12,MERCH_002,SaaS_Services,Volume_Custom,CUST_0086,IN,Standard,GW_SG_LOCAL,SingaNet,INR,AUTHORIZED,FALSE,FALSE,1336.44,0.012000,16.0373,20.0466,16.1373,1303.03,33.41,0.00,-0.3540
TXN_95B5C70B,2026-09-09 18:32:00.000,2026-09-09,MERCH_010,Gaming,Volume_Custom,CUST_0075,IN,SMB,GW_CROSSBORDER_X,Stripe Global,INR,DECLINED,FALSE,FALSE,3479.71,0.012000,41.7565,0.0000,0.0000,0.00,0.00,0.00,0.0000
TXN_C5FC82D1,2026-09-03 23:48:00.000,2026-09-03,MERCH_002,SaaS_Services,Volume_Custom,CUST_0012,AE,Enterprise_VIP,GW_CROSSBORDER_X,Stripe Global,AED,AUTHORIZED,FALSE,FALSE,3425.49,0.270000,924.8823,51.3824,85.8873,3339.85,85.64,0.00,-32.4391
TXN_6797D0B1,2026-08-03 14:01:00.000,2026-08-03,MERCH_002,SaaS_Services,Volume_Custom,CUST_0119,SG,SMB,GW_CROSSBORDER_X,Stripe Global,SGD,AUTHORIZED,FALSE,FALSE,2823.86,0.740000,2089.6564,42.3579,70.8465,2753.26,70.60,0.00,-73.3256
TXN_A06ECA56,2026-07-21 13:00:00.000,2026-07-21,MERCH_017,Retail_Tech,IC_Plus,CUST_0019,SG,Standard,GW_CROSSBORDER_X,Stripe Global,SGD,AUTHORIZED,FALSE,FALSE,3284.78,0.740000,2430.7372,59.1260,82.3695,3202.66,82.12,0.00,-77.9690
TXN_7A8E49AD,2026-08-06 05:11:00.000,2026-08-06,MERCH_024,Hospitality,Volume_Custom,CUST_0129,SG,Standard,GW_SG_LOCAL,SingaNet,SGD,AUTHORIZED,FALSE,TRUE,-253.88,0.740000,-187.8712,0.0000,0.0000,-247.53,-6.35,0.00,4.6990
TXN_2AE569C2,2026-07-17 20:08:00.000,2026-07-17,MERCH_018,Gaming,IC_Plus,CUST_0056,IN,Enterprise_VIP,GW_CROSSBORDER_X,Stripe Global,INR,AUTHORIZED,FALSE,FALSE,3381.71,0.012000,40.5805,60.8708,84.7928,3297.17,84.54,0.00,-1.3015
TXN_AD775B55,2026-07-09 03:24:00.000,2026-07-09,MERCH_015,Retail_Tech,Tier_1_Default,CUST_0093,AE,SMB,GW_CROSSBORDER_X,Stripe Global,AED,AUTHORIZED,FALSE,FALSE,2892.55,0.270000,780.9885,72.3138,72.5638,2820.24,72.31,0.00,-19.5912
TXN_5CA55116,2026-07-20 13:59:00.000,2026-07-20,MERCH_007,SaaS_Services,IC_Plus,CUST_0103,AE,Standard,GW_AE_LOCAL,GulfPay,AED,FAILED,FALSE,FALSE,308.56,0.270000,83.3112,0.0000,0.0000,0.00,0.00,0.00,0.0000
TXN_E42BB06D,2026-09-06 09:02:00.000,2026-09-06,MERCH_002,SaaS_Services,Volume_Custom,CUST_0102,IN,Standard,GW_CROSSBORDER_X,Stripe Global,INR,AUTHORIZED,FALSE,FALSE,2602.85,0.012000,31.2342,39.0428,65.3213,2537.78,65.07,0.00,-1.0962
TXN_8A6E1214,2026-09-02 11:12:00.000,2026-09-02,MERCH_020,Retail_Tech,Volume_Custom,CUST_0076,IN,SMB,GW_SG_LOCAL,SingaNet,INR,DECLINED,FALSE,FALSE,1526.24,0.012000,18.3149,0.0000,0.0000,0.00,0.00,0.00,0.0000
TXN_9A6B8FAC,2026-08-25 10:48:00.000,2026-08-25,MERCH_020,Retail_Tech,Volume_Custom,CUST_0124,AE,Standard,GW_SG_LOCAL,SingaNet,AED,AUTHORIZED,FALSE,FALSE,1956.91,0.270000,528.3657,29.3537,23.5829,1907.99,48.92,0.00,-11.6503
TXN_E20DF400,2026-08-22 18:28:00.000,2026-08-22,MERCH_002,SaaS_Services,Volume_Custom,CUST_0055,SG,Standard,GW_CROSSBORDER_X,Stripe Global,SGD,AUTHORIZED,FALSE,FALSE,2528.33,0.740000,1870.9642,37.9250,63.4583,2465.12,63.21,0.00,-65.6700
TXN_BFF75BA0,2026-08-26 09:48:00.000,2026-08-26,MERCH_010,Gaming,Volume_Custom,CUST_0091,IN,Standard,GW_AE_LOCAL,GulfPay,INR,AUTHORIZED,FALSE,FALSE,1741.55,0.012000,20.8986,26.1233,26.2733,1698.01,43.54,0.00,-0.5243
TXN_FFA92D4E,2026-09-03 03:21:00.000,2026-09-03,MERCH_024,Hospitality,Volume_Custom,CUST_0124,AE,Standard,GW_SG_LOCAL,SingaNet,AED,AUTHORIZED,FALSE,FALSE,411.02,0.270000,110.9754,6.1653,5.0322,400.74,10.28,0.00,-2.4697
TXN_94484E9B,2026-07-08 05:40:00.000,2026-07-08,MERCH_010,Gaming,Volume_Custom,CUST_0141,IN,Enterprise_VIP,GW_AE_LOCAL,GulfPay,INR,AUTHORIZED,FALSE,FALSE,193.50,0.012000,2.3220,2.9025,3.0525,188.66,4.84,0.00,-0.0599
TXN_47F48063,2026-07-21 01:54:00.000,2026-07-21,MERCH_016,SaaS_Services,Volume_Custom,CUST_0055,SG,Standard,GW_IN_LOCAL,PayFast,SGD,AUTHORIZED,FALSE,FALSE,590.82,0.740000,437.2068,8.8623,3.0041,579.00,11.82,0.00,-4.4117
TXN_D319DBBC,2026-07-23 18:07:00.000,2026-07-23,MERCH_005,Hospitality,Tier_1_Default,CUST_0077,SG,SMB,GW_IN_LOCAL,PayFast,SGD,AUTHORIZED,FALSE,FALSE,728.43,0.740000,539.0382,18.2108,3.6922,713.86,14.56,0.00,-0.0306
TXN_C3E9496F,2026-07-17 05:58:00.000,2026-07-17,MERCH_009,Retail_Tech,Tier_1_Default,CUST_0140,SG,Enterprise_VIP,GW_CROSSBORDER_X,Stripe Global,SGD,AUTHORIZED,FALSE,FALSE,2482.64,0.740000,1837.1536,62.0660,62.3160,2420.57,62.07,0.00,-46.1168
TXN_C577AA6B,2026-08-09 08:13:00.000,2026-08-09,MERCH_023,Retail_Tech,Volume_Custom,CUST_0063,AE,SMB,GW_IN_LOCAL,PayFast,AED,DECLINED,FALSE,FALSE,936.43,0.270000,252.8361,0.0000,0.0000,0.00,0.00,0.00,0.0000
TXN_BDCC6A89,2026-06-16 21:46:00.000,2026-06-16,MERCH_011,SaaS_Services,Tier_1_Default,CUST_0009,AE,Standard,GW_SG_LOCAL,SingaNet,AED,AUTHORIZED,FALSE,FALSE,47.50,0.270000,12.8250,1.1875,0.6700,46.31,1.19,0.00,-0.1816
TXN_DA751475,2026-08-30 15:52:00.000,2026-08-30,MERCH_020,Retail_Tech,Volume_Custom,CUST_0129,SG,Standard,GW_SG_LOCAL,SingaNet,SGD,AUTHORIZED,FALSE,FALSE,640.32,0.740000,473.8368,9.6048,7.7838,624.31,16.01,0.00,-10.4999
TXN_A1133955,2026-08-19 15:04:00.000,2026-08-19,MERCH_024,Hospitality,Volume_Custom,CUST_0009,AE,Standard,GW_SG_LOCAL,SingaNet,AED,AUTHORIZED,FALSE,FALSE,1203.63,0.270000,324.9801,18.0545,14.5436,1173.54,30.09,0.00,-7.1764
TXN_995C2BEE,2026-08-13 14:28:00.000,2026-08-13,MERCH_002,SaaS_Services,Volume_Custom,CUST_0003,AE,SMB,GW_SG_LOCAL,SingaNet,AED,AUTHORIZED,FALSE,FALSE,1215.47,0.270000,328.1769,18.2321,14.6856,1185.08,30.39,0.00,-7.2478
TXN_EE344D7B,2026-09-01 13:07:00.000,2026-09-01,MERCH_016,SaaS_Services,Volume_Custom,CUST_0124,AE,Standard,GW_IN_LOCAL,PayFast,AED,AUTHORIZED,FALSE,FALSE,1531.64,0.270000,413.5428,22.9746,7.7082,1493.35,38.29,0.00,-6.2164
TXN_E557EFB2,2026-08-25 12:15:00.000,2026-08-25,MERCH_001,Gaming,Volume_Custom,CUST_0051,IN,Enterprise_VIP,GW_AE_LOCAL,GulfPay,INR,AUTHORIZED,FALSE,FALSE,1187.97,0.012000,14.2556,17.8196,17.9696,1158.27,29.70,0.00,-0.3582
TXN_43B9F16D,2026-08-07 22:28:00.000,2026-08-07,MERCH_001,Gaming,Volume_Custom,CUST_0067,AE,Standard,GW_AE_LOCAL,GulfPay,AED,AUTHORIZED,FALSE,TRUE,0.00,0.270000,0.0000,0.0000,0.0000,0.00,0.00,0.00,0.0000
TXN_7B6DC00C,2026-07-19 23:24:00.000,2026-07-19,MERCH_009,Retail_Tech,Tier_1_Default,CUST_0015,SG,Standard,GW_CROSSBORDER_X,Stripe Global,SGD,DECLINED,FALSE,FALSE,3643.36,0.740000,2696.0864,0.0000,0.0000,0.00,0.00,0.00,0.0000
TXN_697890C5,2026-07-20 16:57:00.000,2026-07-20,MERCH_010,Gaming,Volume_Custom,CUST_0141,IN,Enterprise_VIP,GW_CROSSBORDER_X,Stripe Global,INR,DECLINED,FALSE,FALSE,3105.21,0.012000,37.2625,0.0000,0.0000,0.00,0.00,0.00,0.0000
TXN_970C7217,2026-09-03 07:51:00.000,2026-09-03,MERCH_024,Hospitality,Volume_Custom,CUST_0089,AE,SMB,GW_CROSSBORDER_X,Stripe Global,AED,AUTHORIZED,FALSE,FALSE,2550.11,0.270000,688.5297,38.2517,64.0028,2486.36,63.75,2550.11,-712.6950
TXN_48E82520,2026-07-12 21:11:00.000,2026-07-12,MERCH_022,Retail_Tech,IC_Plus,CUST_0022,IN,Standard,GW_CROSSBORDER_X,Stripe Global,INR,AUTHORIZED,FALSE,FALSE,3072.21,0.012000,36.8665,55.2998,77.0553,2995.40,76.81,3072.21,-38.0493
TXN_EA7BF750,2026-09-01 23:14:00.000,2026-09-01,MERCH_020,Retail_Tech,Volume_Custom,CUST_0047,SG,Standard,GW_CROSSBORDER_X,Stripe Global,SGD,AUTHORIZED,FALSE,FALSE,3614.58,0.740000,2674.7892,54.2187,90.6145,3524.22,90.36,0.00,-93.7993
TXN_2AB5C4C9,2026-09-12 22:03:00.000,2026-09-12,MERCH_016,SaaS_Services,Volume_Custom,CUST_0068,IN,SMB,GW_IN_LOCAL,PayFast,INR,AUTHORIZED,FALSE,FALSE,143.12,0.012000,1.7174,2.1468,0.7656,139.54,3.58,0.00,-0.0264
TXN_87052928,2026-08-31 12:27:00.000,2026-08-31,MERCH_023,Retail_Tech,Volume_Custom,CUST_0110,IN,Standard,GW_IN_LOCAL,PayFast,INR,AUTHORIZED,FALSE,FALSE,1187.49,0.012000,14.2499,17.8124,5.9875,1157.80,29.69,0.00,-0.2144
TXN_D6E0621B,2026-08-02 14:10:00.000,2026-08-02,MERCH_020,Retail_Tech,Volume_Custom,CUST_0144,SG,Standard,GW_CROSSBORDER_X,Stripe Global,SGD,AUTHORIZED,FALSE,FALSE,2162.24,0.740000,1600.0576,32.4336,54.3060,2108.18,54.06,0.00,-56.1900
TXN_6F0422EE,2026-08-28 12:29:00.000,2026-08-28,MERCH_002,SaaS_Services,Volume_Custom,CUST_0051,IN,Enterprise_VIP,GW_CROSSBORDER_X,Stripe Global,INR,AUTHORIZED,FALSE,FALSE,3323.59,0.012000,39.8831,49.8539,83.3398,3240.50,83.09,0.00,-1.3989
TXN_5F19F8B9,2026-08-05 08:46:00.000,2026-08-05,MERCH_024,Hospitality,Volume_Custom,CUST_0100,SG,Standard,GW_CROSSBORDER_X,Stripe Global,SGD,AUTHORIZED,FALSE,FALSE,3869.86,0.740000,2863.6964,58.0479,96.9965,3773.11,96.75,0.00,-100.4170
TXN_74EEDC61,2026-07-09 10:04:00.000,2026-07-09,MERCH_001,Gaming,Volume_Custom,CUST_0094,AE,Standard,GW_AE_LOCAL,GulfPay,AED,AUTHORIZED,FALSE,FALSE,469.53,0.270000,126.7731,7.0430,7.1930,457.79,11.74,0.00,-3.2103
TXN_9F786D40,2026-08-25 02:34:00.000,2026-08-25,MERCH_001,Gaming,Volume_Custom,CUST_0029,AE,Standard,GW_CROSSBORDER_X,Stripe Global,AED,AUTHORIZED,FALSE,FALSE,3441.96,0.270000,929.3292,51.6294,86.2990,3355.91,86.05,0.00,-32.5943
TXN_015F488D,2026-08-14 23:01:00.000,2026-08-14,MERCH_024,Hospitality,Volume_Custom,CUST_0079,SG,Standard,GW_CROSSBORDER_X,Stripe Global,SGD,AUTHORIZED,FALSE,FALSE,3220.30,0.740000,2383.0220,48.3045,80.7575,3139.79,80.51,0.00,-83.5926
TXN_8CD60CC1,2026-08-17 12:29:00.000,2026-08-17,MERCH_024,Hospitality,Volume_Custom,CUST_0017,SG,Standard,GW_SG_LOCAL,SingaNet,SGD,AUTHORIZED,FALSE,FALSE,1065.19,0.740000,788.2406,15.9779,12.8823,1038.56,26.63,0.00,-17.4155
TXN_70CD875D,2026-09-01 04:13:00.000,2026-09-01,MERCH_001,Gaming,Volume_Custom,CUST_0078,SG,Standard,GW_CROSSBORDER_X,Stripe Global,SGD,AUTHORIZED,FALSE,FALSE,2692.64,0.740000,1992.5536,40.3896,67.5660,2625.32,67.32,0.00,-69.9273
TXN_AFAD8292,2026-06-29 19:57:00.000,2026-06-29,MERCH_018,Gaming,IC_Plus,CUST_0083,IN,Standard,GW_SG_LOCAL,SingaNet,INR,AUTHORIZED,FALSE,FALSE,1492.18,0.012000,17.9062,26.8592,18.0062,1454.88,37.30,0.00,-0.3414
TXN_D6084943,2026-09-13 23:02:00.000,2026-09-13,MERCH_020,Retail_Tech,Volume_Custom,CUST_0092,IN,SMB,GW_SG_LOCAL,SingaNet,INR,AUTHORIZED,FALSE,TRUE,-66.72,0.012000,-0.8006,0.0000,0.0000,-65.38,-1.34,0.00,0.0161
TXN_5C6DB12F,2026-09-02 19:09:00.000,2026-09-02,MERCH_020,Retail_Tech,Volume_Custom,CUST_0126,IN,Standard,GW_CROSSBORDER_X,Stripe Global,INR,AUTHORIZED,FALSE,FALSE,2594.13,0.012000,31.1296,38.9120,65.1033,2529.28,64.85,2594.13,-32.2221
TXN_12E7CD30,2026-07-05 21:41:00.000,2026-07-05,MERCH_010,Gaming,Volume_Custom,CUST_0035,IN,Enterprise_VIP,GW_AE_LOCAL,GulfPay,INR,AUTHORIZED,FALSE,FALSE,1215.74,0.012000,14.5889,18.2361,18.3861,1185.35,30.39,0.00,-0.3665
TXN_29C0529A,2026-08-15 13:56:00.000,2026-08-15,MERCH_020,Retail_Tech,Volume_Custom,CUST_0095,SG,SMB,GW_SG_LOCAL,SingaNet,SGD,AUTHORIZED,FALSE,TRUE,-481.77,0.740000,-356.5098,0.0000,0.0000,-469.73,-12.04,0.00,8.9096
TXN_8D1C389A,2026-09-01 16:48:00.000,2026-09-01,MERCH_001,Gaming,Volume_Custom,CUST_0093,AE,SMB,GW_CROSSBORDER_X,Stripe Global,AED,AUTHORIZED,FALSE,FALSE,2154.81,0.270000,581.7987,32.3222,54.1203,2100.94,53.87,0.00,-20.4304
TXN_B6251DC2,2026-08-23 13:15:00.000,2026-08-23,MERCH_001,Gaming,Volume_Custom,CUST_0059,AE,Standard,GW_CROSSBORDER_X,Stripe Global,AED,AUTHORIZED,FALSE,FALSE,2975.13,0.270000,803.2851,44.6270,74.6283,2900.75,74.38,0.00,-28.1830
TXN_5E89C1E3,2026-08-11 18:26:00.000,2026-08-11,MERCH_002,SaaS_Services,Volume_Custom,CUST_0072,SG,Standard,GW_SG_LOCAL,SingaNet,SGD,AUTHORIZED,FALSE,FALSE,626.55,0.740000,463.6470,9.3983,7.6186,610.89,15.66,0.00,-10.2715
TXN_94846F55,2026-08-22 14:09:00.000,2026-08-22,MERCH_010,Gaming,Volume_Custom,CUST_0068,IN,SMB,GW_CROSSBORDER_X,Stripe Global,INR,AUTHORIZED,FALSE,FALSE,2466.45,0.012000,29.5974,36.9968,61.9113,2404.79,61.66,0.00,-1.0389
TXN_B91562ED,2026-07-26 09:32:00.000,2026-07-26,MERCH_005,Hospitality,Tier_1_Default,CUST_0033,AE,Standard,GW_IN_LOCAL,PayFast,AED,AUTHORIZED,FALSE,FALSE,1779.10,0.270000,480.3570,44.4775,8.9455,0.00,0.00,0.00,9.5936
TXN_CA2FF649,2026-08-28 08:03:00.000,2026-08-28,MERCH_024,Hospitality,Volume_Custom,CUST_0078,SG,Standard,GW_CROSSBORDER_X,Stripe Global,SGD,DECLINED,FALSE,FALSE,2745.86,0.740000,2031.9364,0.0000,0.0000,0.00,0.00,0.00,0.0000
TXN_F14256AA,2026-09-07 18:35:00.000,2026-09-07,MERCH_001,Gaming,Volume_Custom,CUST_0067,AE,Standard,GW_AE_LOCAL,GulfPay,AED,AUTHORIZED,FALSE,FALSE,251.59,0.270000,67.9293,3.7739,3.9239,245.30,6.29,0.00,-1.7388
TXN_10825F4A,2026-07-23 09:25:00.000,2026-07-23,MERCH_015,Retail_Tech,Tier_1_Default,CUST_0084,IN,Standard,GW_CROSSBORDER_X,Stripe Global,INR,DECLINED,FALSE,FALSE,3393.65,0.012000,40.7238,0.0000,0.0000,0.00,0.00,0.00,0.0000
TXN_FF91B065,2026-09-09 15:31:00.000,2026-09-09,MERCH_006,Gaming,Volume_Custom,CUST_0125,IN,Standard,GW_CROSSBORDER_X,Stripe Global,INR,AUTHORIZED,FALSE,FALSE,2561.58,0.012000,30.7390,38.4237,64.2895,2497.54,64.04,0.00,-1.0789
TXN_2166C275,2026-08-06 00:43:00.000,2026-08-06,MERCH_020,Retail_Tech,Volume_Custom,CUST_0088,IN,Standard,GW_CROSSBORDER_X,Stripe Global,INR,FAILED,FALSE,FALSE,3955.40,0.012000,47.4648,0.0000,0.0000,0.00,0.00,0.00,0.0000
TXN_6164AF99,2026-08-30 19:16:00.000,2026-08-30,MERCH_010,Gaming,Volume_Custom,CUST_0076,IN,SMB,GW_CROSSBORDER_X,Stripe Global,INR,FAILED,FALSE,FALSE,2221.29,0.012000,26.6555,0.0000,0.0000,0.00,0.00,0.00,0.0000
TXN_A105507E,2026-07-22 20:00:00.000,2026-07-22,MERCH_008,Retail_Tech,Tier_1_Default,CUST_0086,IN,Standard,GW_IN_LOCAL,PayFast,INR,AUTHORIZED,FALSE,FALSE,1320.95,0.012000,15.8514,33.0238,6.6548,1287.93,33.02,0.00,-0.0798
TXN_A27A8532,2026-06-29 05:02:00.000,2026-06-29,MERCH_005,Hospitality,Tier_1_Default,CUST_0010,AE,SMB,GW_IN_LOCAL,PayFast,AED,DECLINED,FALSE,FALSE,1116.33,0.270000,301.4091,0.0000,0.0000,0.00,0.00,0.00,0.0000
TXN_FFC6AE98,2026-09-13 04:56:00.000,2026-09-13,MERCH_020,Retail_Tech,Volume_Custom,CUST_0085,IN,Standard,GW_CROSSBORDER_X,Stripe Global,INR,AUTHORIZED,FALSE,FALSE,3196.07,0.012000,38.3528,47.9411,80.1518,3116.17,79.90,0.00,-1.3453
TXN_B6866943,2026-09-13 03:45:00.000,2026-09-13,MERCH_001,Gaming,Volume_Custom,CUST_0005,SG,Standard,GW_AE_LOCAL,GulfPay,SGD,AUTHORIZED,FALSE,TRUE,-492.72,0.740000,-364.6128,0.0000,0.0000,-480.40,-12.32,0.00,9.1168
TXN_03B61CF8,2026-08-27 08:07:00.000,2026-08-27,MERCH_020,Retail_Tech,Volume_Custom,CUST_0064,AE,Standard,GW_SG_LOCAL,SingaNet,AED,FAILED,FALSE,TRUE,0.00,0.270000,0.0000,0.0000,0.0000,0.00,0.00,0.00,0.0000
TXN_37585CBF,2026-07-17 09:03:00.000,2026-07-17,MERCH_023,Retail_Tech,Volume_Custom,CUST_0091,IN,Standard,GW_CROSSBORDER_X,Stripe Global,INR,AUTHORIZED,FALSE,FALSE,2109.08,0.012000,25.3090,31.6362,52.9770,0.00,0.00,0.00,-0.2561
TXN_E9649328,2026-08-26 02:10:00.000,2026-08-26,MERCH_006,Gaming,Volume_Custom,CUST_0088,IN,Standard,GW_CROSSBORDER_X,Stripe Global,INR,AUTHORIZED,FALSE,FALSE,2057.82,0.012000,24.6938,30.8673,51.6955,2006.37,51.45,0.00,-0.8673
TXN_E221392A,2026-07-19 03:43:00.000,2026-07-19,MERCH_012,Retail_Tech,IC_Plus,CUST_0019,SG,Standard,GW_CROSSBORDER_X,Stripe Global,SGD,DECLINED,FALSE,FALSE,2464.28,0.740000,1823.5672,0.0000,0.0000,0.00,0.00,0.00,0.0000
TXN_65F0C909,2026-08-29 22:29:00.000,2026-08-29,MERCH_006,Gaming,Volume_Custom,CUST_0072,SG,Standard,GW_CROSSBORDER_X,Stripe Global,SGD,AUTHORIZED,FALSE,FALSE,3856.46,0.740000,2853.7804,57.8469,96.6615,3760.05,96.41,0.00,-100.0662
TXN_EB715580,2026-07-26 02:04:00.000,2026-07-26,MERCH_015,Retail_Tech,Tier_1_Default,CUST_0035,IN,Enterprise_VIP,GW_SG_LOCAL,SingaNet,INR,AUTHORIZED,FALSE,FALSE,1710.83,0.012000,20.5300,42.7708,20.6300,1668.06,42.77,0.00,-0.2476
TXN_7F3AA506,2026-08-21 03:41:00.000,2026-08-21,MERCH_006,Gaming,Volume_Custom,CUST_0041,IN,Standard,GW_AE_LOCAL,GulfPay,INR,AUTHORIZED,FALSE,FALSE,303.23,0.012000,3.6388,4.5485,4.6985,295.65,7.58,0.00,-0.0928
TXN_592A035D,2026-09-07 02:45:00.000,2026-09-07,MERCH_006,Gaming,Volume_Custom,CUST_0044,AE,Enterprise_VIP,GW_AE_LOCAL,GulfPay,AED,DECLINED,FALSE,FALSE,513.50,0.270000,138.6450,0.0000,0.0000,0.00,0.00,0.00,0.0000
TXN_7B0E6D0E,2026-09-08 21:18:00.000,2026-09-08,MERCH_020,Retail_Tech,Volume_Custom,CUST_0026,IN,SMB,GW_SG_LOCAL,SingaNet,INR,DECLINED,FALSE,FALSE,1307.49,0.012000,15.6899,0.0000,0.0000,0.00,0.00,0.00,0.0000
TXN_3D1B0393,2026-08-05 20:23:00.000,2026-08-05,MERCH_001,Gaming,Volume_Custom,CUST_0106,AE,Standard,GW_CROSSBORDER_X,Stripe Global,AED,AUTHORIZED,FALSE,FALSE,2425.65,0.270000,654.9255,36.3848,60.8913,2365.01,60.64,0.00,-22.9896
TXN_15C064BC,2026-08-15 03:23:00.000,2026-08-15,MERCH_002,SaaS_Services,Volume_Custom,CUST_0065,SG,Standard,GW_CROSSBORDER_X,Stripe Global,SGD,AUTHORIZED,FALSE,FALSE,2622.30,0.740000,1940.5020,39.3345,65.8075,2556.74,65.56,0.00,-68.1044
TXN_DE5A8551,2026-08-28 18:49:00.000,2026-08-28,MERCH_006,Gaming,Volume_Custom,CUST_0141,IN,Enterprise_VIP,GW_AE_LOCAL,GulfPay,INR,AUTHORIZED,FALSE,FALSE,1811.70,0.012000,21.7404,27.1755,27.3255,0.00,0.00,0.00,-0.0018
TXN_FC50A15E,2026-09-11 07:47:00.000,2026-09-11,MERCH_016,SaaS_Services,Volume_Custom,CUST_0041,IN,Standard,GW_IN_LOCAL,PayFast,INR,AUTHORIZED,FALSE,FALSE,1600.93,0.012000,19.2112,24.0140,8.0547,1560.91,40.02,0.00,-0.2887
TXN_9A4829BC,2026-09-13 03:14:00.000,2026-09-13,MERCH_001,Gaming,Volume_Custom,CUST_0029,AE,Standard,GW_AE_LOCAL,GulfPay,AED,AUTHORIZED,FALSE,FALSE,1027.01,0.270000,277.2927,15.4052,15.5552,1001.33,25.68,0.00,-6.9741
TXN_50C2783A,2026-07-31 05:12:00.000,2026-07-31,MERCH_009,Retail_Tech,Tier_1_Default,CUST_0039,IN,Standard,GW_AE_LOCAL,GulfPay,INR,DECLINED,FALSE,FALSE,373.99,0.012000,4.4879,0.0000,0.0000,0.00,0.00,0.00,0.0000
TXN_4D173A7D,2026-07-28 02:54:00.000,2026-07-28,MERCH_014,Gaming,Tier_1_Default,CUST_0014,AE,Standard,GW_CROSSBORDER_X,Stripe Global,AED,AUTHORIZED,FALSE,FALSE,2957.80,0.270000,798.6060,73.9450,74.1950,0.00,0.00,0.00,-0.0675
TXN_7210692B,2026-09-02 04:26:00.000,2026-09-02,MERCH_024,Hospitality,Volume_Custom,CUST_0138,IN,SMB,GW_CROSSBORDER_X,Stripe Global,INR,AUTHORIZED,FALSE,FALSE,2250.73,0.012000,27.0088,33.7610,56.5183,2194.46,56.27,0.00,-0.9483
TXN_17F5ACC9,2026-08-30 11:15:00.000,2026-08-30,MERCH_020,Retail_Tech,Volume_Custom,CUST_0091,IN,Standard,GW_CROSSBORDER_X,Stripe Global,INR,AUTHORIZED,FALSE,FALSE,3495.69,0.012000,41.9483,52.4354,87.6423,3408.30,87.39,0.00,-1.4712
TXN_2546921D,2026-08-26 14:26:00.000,2026-08-26,MERCH_010,Gaming,Volume_Custom,CUST_0094,AE,Standard,GW_CROSSBORDER_X,Stripe Global,AED,AUTHORIZED,FALSE,FALSE,3873.91,0.270000,1045.9557,58.1087,97.0978,3777.06,96.85,0.00,-36.6766
TXN_B4941ED3,2026-08-05 20:29:00.000,2026-08-05,MERCH_001,Gaming,Volume_Custom,CUST_0124,AE,Standard,GW_CROSSBORDER_X,Stripe Global,AED,AUTHORIZED,FALSE,FALSE,2034.58,0.270000,549.3366,30.5187,51.1145,1983.72,50.86,0.00,-19.2931
TXN_1BBBDECE,2026-08-21 05:16:00.000,2026-08-21,MERCH_020,Retail_Tech,Volume_Custom,CUST_0019,SG,Standard,GW_SG_LOCAL,SingaNet,SGD,AUTHORIZED,FALSE,FALSE,441.79,0.740000,326.9246,6.6269,5.4015,430.75,11.04,0.00,-7.2628
TXN_0267B136,2026-08-14 18:59:00.000,2026-08-14,MERCH_020,Retail_Tech,Volume_Custom,CUST_0078,SG,Standard,GW_CROSSBORDER_X,Stripe Global,SGD,DECLINED,FALSE,FALSE,2300.66,0.740000,1702.4884,0.0000,0.0000,0.00,0.00,0.00,0.0000
TXN_9EC0F94B,2026-06-26 14:38:00.000,2026-06-26,MERCH_011,SaaS_Services,Tier_1_Default,CUST_0038,SG,Standard,GW_CROSSBORDER_X,Stripe Global,SGD,FAILED,FALSE,FALSE,3275.52,0.740000,2423.8848,0.0000,0.0000,0.00,0.00,0.00,0.0000
TXN_C374A609,2026-07-01 20:56:00.000,2026-07-01,MERCH_002,SaaS_Services,Volume_Custom,CUST_0097,SG,Standard,GW_CROSSBORDER_X,Stripe Global,SGD,DECLINED,FALSE,FALSE,2439.89,0.740000,1805.5186,0.0000,0.0000,0.00,0.00,0.00,0.0000
TXN_697139C7,2026-07-17 22:27:00.000,2026-07-17,MERCH_004,Gaming,Tier_1_Default,CUST_0020,AE,Standard,GW_SG_LOCAL,SingaNet,AED,AUTHORIZED,FALSE,FALSE,729.86,0.270000,197.0622,18.2465,8.8583,0.00,0.00,0.00,2.5348
TXN_50B29711,2026-09-03 23:59:00.000,2026-09-03,MERCH_006,Gaming,Volume_Custom,CUST_0030,SG,Standard,GW_AE_LOCAL,GulfPay,SGD,AUTHORIZED,FALSE,FALSE,1410.58,0.740000,1043.8292,21.1587,21.3087,1375.32,35.26,0.00,-26.2034
TXN_DF28D7E8,2026-08-30 06:11:00.000,2026-08-30,MERCH_024,Hospitality,Volume_Custom,CUST_0138,IN,SMB,GW_SG_LOCAL,SingaNet,INR,DECLINED,FALSE,FALSE,1609.13,0.012000,19.3096,0.0000,0.0000,0.00,0.00,0.00,0.0000
TXN_4A161BC2,2026-08-23 04:50:00.000,2026-08-23,MERCH_023,Retail_Tech,Volume_Custom,CUST_0078,SG,Standard,GW_IN_LOCAL,PayFast,SGD,AUTHORIZED,FALSE,FALSE,376.11,0.740000,278.3214,5.6417,1.9306,366.71,9.40,0.00,-4.2098
TXN_956DA890,2026-08-31 18:06:00.000,2026-08-31,MERCH_024,Hospitality,Volume_Custom,CUST_0063,AE,SMB,GW_SG_LOCAL,SingaNet,AED,AUTHORIZED,FALSE,FALSE,1370.17,0.270000,369.9459,20.5526,16.5420,1335.92,34.25,0.00,-8.1647
TXN_71901C35,2026-08-28 12:37:00.000,2026-08-28,MERCH_001,Gaming,Volume_Custom,CUST_0130,IN,Standard,GW_CROSSBORDER_X,Stripe Global,INR,AUTHORIZED,FALSE,FALSE,3766.22,0.012000,45.1946,56.4933,94.4055,3672.06,94.16,0.00,-1.5849
TXN_C2630B6B,2026-09-05 20:21:00.000,2026-09-05,MERCH_023,Retail_Tech,Volume_Custom,CUST_0119,SG,SMB,GW_IN_LOCAL,PayFast,SGD,DECLINED,FALSE,FALSE,638.07,0.740000,472.1718,0.0000,0.0000,0.00,0.00,0.00,0.0000
TXN_750143A1,2026-08-21 21:05:00.000,2026-08-21,MERCH_002,SaaS_Services,Volume_Custom,CUST_0038,SG,Standard,GW_SG_LOCAL,SingaNet,SGD,FAILED,FALSE,FALSE,1778.02,0.740000,1315.7348,0.0000,0.0000,0.00,0.00,0.00,0.0000
TXN_995D23FA,2026-09-03 14:28:00.000,2026-09-03,MERCH_001,Gaming,Volume_Custom,CUST_0141,IN,Enterprise_VIP,GW_AE_LOCAL,GulfPay,INR,AUTHORIZED,FALSE,FALSE,1099.94,0.012000,13.1993,16.4991,16.6491,1072.44,27.50,0.00,-0.3318
TXN_0D5962C3,2026-09-10 17:29:00.000,2026-09-10,MERCH_006,Gaming,Volume_Custom,CUST_0028,AE,Standard,GW_AE_LOCAL,GulfPay,AED,AUTHORIZED,FALSE,FALSE,1140.15,0.270000,307.8405,17.1023,17.2523,1111.65,28.50,0.00,-7.7355
TXN_3B376DA1,2026-07-25 23:09:00.000,2026-07-25,MERCH_010,Gaming,Volume_Custom,CUST_0144,SG,Standard,GW_AE_LOCAL,GulfPay,SGD,AUTHORIZED,FALSE,FALSE,1240.59,0.740000,918.0366,18.6089,18.7589,1209.58,31.01,0.00,-23.0584
TXN_1DCE5651,2026-08-07 07:31:00.000,2026-08-07,MERCH_024,Hospitality,Volume_Custom,CUST_0076,IN,SMB,GW_SG_LOCAL,SingaNet,INR,AUTHORIZED,FALSE,FALSE,40.67,0.012000,0.4880,0.6101,0.5880,39.65,1.02,0.00,-0.0120
TXN_10965CF8,2026-07-24 10:17:00.000,2026-07-24,MERCH_014,Gaming,Tier_1_Default,CUST_0094,AE,Standard,GW_CROSSBORDER_X,Stripe Global,AED,AUTHORIZED,FALSE,FALSE,3059.00,0.270000,825.9300,76.4750,76.7250,2982.52,76.48,3059.00,-846.6471
TXN_A761E329,2026-08-03 09:52:00.000,2026-08-03,MERCH_023,Retail_Tech,Volume_Custom,CUST_0150,SG,Standard,GW_IN_LOCAL,PayFast,SGD,AUTHORIZED,FALSE,TRUE,0.00,0.740000,0.0000,0.0000,0.0000,0.00,0.00,0.00,0.0000
TXN_81C797C9,2026-09-03 14:41:00.000,2026-09-03,MERCH_020,Retail_Tech,Volume_Custom,CUST_0032,AE,Standard,GW_CROSSBORDER_X,Stripe Global,AED,AUTHORIZED,FALSE,FALSE,2817.65,0.270000,760.7655,42.2648,70.6913,2747.21,70.44,0.00,-26.6940
TXN_7E73368A,2026-08-07 17:04:00.000,2026-08-07,MERCH_006,Gaming,Volume_Custom,CUST_0101,SG,Standard,GW_AE_LOCAL,GulfPay,SGD,AUTHORIZED,FALSE,FALSE,1423.13,0.740000,1053.1162,21.3470,21.4970,1394.68,28.46,1423.13,-1074.2876
TXN_34FCA2D5,2026-09-07 13:33:00.000,2026-09-07,MERCH_023,Retail_Tech,Volume_Custom,CUST_0052,IN,SMB,GW_IN_LOCAL,PayFast,INR,FAILED,FALSE,TRUE,-490.82,0.012000,-5.8898,0.0000,0.0000,0.00,0.00,0.00,0.0000
TXN_0ED10DE8,2026-08-30 02:39:00.000,2026-08-30,MERCH_024,Hospitality,Volume_Custom,CUST_0061,IN,Standard,GW_CROSSBORDER_X,Stripe Global,INR,AUTHORIZED,FALSE,FALSE,2297.86,0.012000,27.5743,34.4679,57.6965,2240.41,57.45,0.00,-0.9681
TXN_3342EF0B,2026-08-31 21:51:00.000,2026-08-31,MERCH_006,Gaming,Volume_Custom,CUST_0080,SG,Standard,GW_AE_LOCAL,GulfPay,SGD,AUTHORIZED,FALSE,FALSE,93.22,0.740000,68.9828,1.3983,1.5483,90.89,2.33,0.00,-1.8352
TXN_93B9F1CD,2026-08-28 11:05:00.000,2026-08-28,MERCH_001,Gaming,Volume_Custom,CUST_0092,IN,SMB,GW_AE_LOCAL,GulfPay,INR,FAILED,FALSE,FALSE,1845.79,0.012000,22.1495,0.0000,0.0000,0.00,0.00,0.00,0.0000
TXN_D2169EC1,2026-08-27 23:32:00.000,2026-08-27,MERCH_023,Retail_Tech,Volume_Custom,CUST_0067,AE,Standard,GW_CROSSBORDER_X,Stripe Global,AED,AUTHORIZED,FALSE,FALSE,3379.49,0.270000,912.4623,50.6924,84.7373,3295.00,84.49,0.00,-32.0044
TXN_4DB8F894,2026-07-22 08:18:00.000,2026-07-22,MERCH_017,Retail_Tech,IC_Plus,CUST_0021,AE,Standard,GW_IN_LOCAL,PayFast,AED,FAILED,FALSE,FALSE,323.80,0.270000,87.4260,0.0000,0.0000,0.00,0.00,0.00,0.0000
TXN_CDA915F1,2026-06-16 10:35:00.000,2026-06-16,MERCH_016,SaaS_Services,Volume_Custom,CUST_0145,SG,Standard,GW_CROSSBORDER_X,Stripe Global,SGD,AUTHORIZED,FALSE,FALSE,3118.68,0.740000,2307.8232,46.7802,78.2170,0.00,0.00,0.00,-23.2632
TXN_CD1054F2,2026-06-28 02:36:00.000,2026-06-28,MERCH_014,Gaming,Tier_1_Default,CUST_0127,IN,SMB,GW_CROSSBORDER_X,Stripe Global,INR,DECLINED,FALSE,FALSE,2044.71,0.012000,24.5365,0.0000,0.0000,0.00,0.00,0.00,0.0000
TXN_C6891CC4,2026-07-06 11:55:00.000,2026-07-06,MERCH_002,SaaS_Services,Volume_Custom,CUST_0041,IN,Standard,GW_CROSSBORDER_X,Stripe Global,INR,DECLINED,FALSE,FALSE,2585.32,0.012000,31.0238,0.0000,0.0000,0.00,0.00,0.00,0.0000
TXN_BD84D59B,2026-08-26 05:02:00.000,2026-08-26,MERCH_006,Gaming,Volume_Custom,CUST_0061,IN,Standard,GW_AE_LOCAL,GulfPay,INR,AUTHORIZED,FALSE,FALSE,797.11,0.012000,9.5653,11.9567,12.1067,777.18,19.93,0.00,-0.2410
TXN_6CA472CC,2026-08-19 20:33:00.000,2026-08-19,MERCH_016,SaaS_Services,Volume_Custom,CUST_0019,SG,Standard,GW_IN_LOCAL,PayFast,SGD,DECLINED,FALSE,FALSE,310.66,0.740000,229.8884,0.0000,0.0000,0.00,0.00,0.00,0.0000
TXN_F96609E2,2026-07-09 21:26:00.000,2026-07-09,MERCH_003,SaaS_Services,Tier_1_Default,CUST_0023,IN,Standard,GW_CROSSBORDER_X,Stripe Global,INR,AUTHORIZED,FALSE,FALSE,3041.91,0.012000,36.5029,76.0478,76.2978,2965.86,76.05,0.00,-0.9156
TXN_0E43D94D,2026-08-07 15:19:00.000,2026-08-07,MERCH_023,Retail_Tech,Volume_Custom,CUST_0062,AE,Standard,GW_CROSSBORDER_X,Stripe Global,AED,AUTHORIZED,FALSE,FALSE,2575.54,0.270000,695.3958,38.6331,64.6385,2511.15,64.39,0.00,-24.4068
TXN_BBD0B433,2026-07-06 21:19:00.000,2026-07-06,MERCH_011,SaaS_Services,Tier_1_Default,CUST_0131,AE,Standard,GW_SG_LOCAL,SingaNet,AED,AUTHORIZED,FALSE,FALSE,1271.39,0.270000,343.2753,31.7848,15.3567,1239.61,31.78,1271.39,-347.4203
TXN_636A015B,2026-07-11 15:00:00.000,2026-07-11,MERCH_017,Retail_Tech,IC_Plus,CUST_0149,AE,Standard,GW_IN_LOCAL,PayFast,AED,AUTHORIZED,FALSE,FALSE,1218.25,0.270000,328.9275,21.9285,6.1413,1187.79,30.46,0.00,-3.9616
TXN_35118275,2026-08-15 09:22:00.000,2026-08-15,MERCH_001,Gaming,Volume_Custom,CUST_0101,SG,Standard,GW_AE_LOCAL,GulfPay,SGD,AUTHORIZED,FALSE,FALSE,306.02,0.740000,226.4548,4.5903,4.7403,298.37,7.65,0.00,-5.7720
TXN_E65F886D,2026-07-28 15:45:00.000,2026-07-28,MERCH_007,SaaS_Services,IC_Plus,CUST_0088,IN,Standard,GW_CROSSBORDER_X,Stripe Global,INR,AUTHORIZED,FALSE,FALSE,3328.47,0.012000,39.9416,59.9125,83.4618,3245.26,83.21,0.00,-1.2811
TXN_86D698C6,2026-09-03 02:37:00.000,2026-09-03,MERCH_023,Retail_Tech,Volume_Custom,CUST_0103,AE,Standard,GW_IN_LOCAL,PayFast,AED,AUTHORIZED,FALSE,FALSE,370.28,0.270000,99.9756,5.5542,1.9014,361.02,9.26,0.00,-1.5139
TXN_48424578,2026-08-21 20:16:00.000,2026-08-21,MERCH_020,Retail_Tech,Volume_Custom,CUST_0090,AE,Standard,GW_CROSSBORDER_X,Stripe Global,AED,AUTHORIZED,FALSE,FALSE,2221.72,0.270000,599.8644,33.3258,55.7930,2166.18,55.54,0.00,-21.0619
TXN_1BEFE6CA,2026-07-09 01:24:00.000,2026-07-09,MERCH_003,SaaS_Services,Tier_1_Default,CUST_0027,AE,Standard,GW_CROSSBORDER_X,Stripe Global,AED,AUTHORIZED,FALSE,FALSE,2610.83,0.270000,704.9241,65.2708,65.5208,2545.56,65.27,0.00,-17.6904
TXN_6A5C271F,2026-08-18 10:58:00.000,2026-08-18,MERCH_016,SaaS_Services,Volume_Custom,CUST_0081,SG,SMB,GW_CROSSBORDER_X,Stripe Global,SGD,AUTHORIZED,FALSE,FALSE,3831.31,0.740000,2835.1694,57.4697,96.0328,3754.68,76.62,0.00,-85.2355
TXN_1E5DA353,2026-09-07 15:22:00.000,2026-09-07,MERCH_023,Retail_Tech,Volume_Custom,CUST_0092,IN,SMB,GW_IN_LOCAL,PayFast,INR,AUTHORIZED,FALSE,FALSE,1380.32,0.012000,16.5638,20.7048,6.9516,1345.81,34.51,0.00,-0.2491
TXN_F080CE21,2026-08-07 02:52:00.000,2026-08-07,MERCH_001,Gaming,Volume_Custom,CUST_0085,IN,Standard,GW_AE_LOCAL,GulfPay,INR,DECLINED,FALSE,FALSE,998.50,0.012000,11.9820,0.0000,0.0000,0.00,0.00,0.00,0.0000
TXN_1F8637A1,2026-09-04 14:56:00.000,2026-09-04,MERCH_010,Gaming,Volume_Custom,CUST_0014,AE,Standard,GW_CROSSBORDER_X,Stripe Global,AED,AUTHORIZED,FALSE,FALSE,2443.12,0.270000,659.6424,36.6468,61.3280,2382.04,61.08,0.00,-23.1555
TXN_7140687C,2026-07-19 12:25:00.000,2026-07-19,MERCH_024,Hospitality,Volume_Custom,CUST_0136,IN,Standard,GW_SG_LOCAL,SingaNet,INR,AUTHORIZED,FALSE,FALSE,1640.99,0.012000,19.6919,24.6149,19.7919,1599.97,41.02,0.00,-0.4344
TXN_26A2AA9A,2026-08-29 11:32:00.000,2026-08-29,MERCH_010,Gaming,Volume_Custom,CUST_0047,SG,Standard,GW_CROSSBORDER_X,Stripe Global,SGD,AUTHORIZED,FALSE,FALSE,2527.24,0.740000,1870.1576,37.9086,63.4310,2464.06,63.18,0.00,-65.6398
TXN_5E922AF2,2026-08-21 11:25:00.000,2026-08-21,MERCH_010,Gaming,Volume_Custom,CUST_0021,AE,Standard,GW_CROSSBORDER_X,Stripe Global,AED,FAILED,FALSE,FALSE,2716.73,0.270000,733.5171,0.0000,0.0000,0.00,0.00,0.00,0.0000
TXN_7B5CA53C,2026-08-02 09:41:00.000,2026-08-02,MERCH_006,Gaming,Volume_Custom,CUST_0033,AE,Standard,GW_CROSSBORDER_X,Stripe Global,AED,AUTHORIZED,FALSE,FALSE,3858.00,0.270000,1041.6600,57.8700,96.7000,3761.55,96.45,0.00,-36.5256
TXN_A2582AD8,2026-08-08 20:34:00.000,2026-08-08,MERCH_006,Gaming,Volume_Custom,CUST_0111,AE,Standard,GW_CROSSBORDER_X,Stripe Global,AED,AUTHORIZED,FALSE,FALSE,2335.13,0.270000,630.4851,35.0270,58.6283,2276.75,58.38,0.00,-22.1350
TXN_DB89E0FF,2026-06-21 04:49:00.000,2026-06-21,MERCH_010,Gaming,Volume_Custom,CUST_0017,SG,Standard,GW_CROSSBORDER_X,Stripe Global,SGD,AUTHORIZED,FALSE,FALSE,2627.66,0.740000,1944.4684,39.4149,65.9415,2561.97,65.69,0.00,-68.2403
TXN_DFC957F7,2026-08-13 22:36:00.000,2026-08-13,MERCH_024,Hospitality,Volume_Custom,CUST_0132,AE,Standard,GW_CROSSBORDER_X,Stripe Global,AED,AUTHORIZED,FALSE,FALSE,3752.63,0.270000,1013.2101,56.2895,94.0658,3658.81,93.82,0.00,-35.5310
TXN_E476D885,2026-08-12 10:34:00.000,2026-08-12,MERCH_006,Gaming,Volume_Custom,CUST_0047,SG,Standard,GW_AE_LOCAL,GulfPay,SGD,AUTHORIZED,FALSE,FALSE,1320.62,0.740000,977.2588,19.8093,19.9593,1287.60,33.02,0.00,-24.5458
TXN_58E787E2,2026-08-06 04:21:00.000,2026-08-06,MERCH_010,Gaming,Volume_Custom,CUST_0073,IN,Standard,GW_CROSSBORDER_X,Stripe Global,INR,AUTHORIZED,FALSE,FALSE,2957.71,0.012000,35.4925,44.3657,74.1928,2883.77,73.94,0.00,-1.2452
TXN_276FFA84,2026-09-11 23:23:00.000,2026-09-11,MERCH_024,Hospitality,Volume_Custom,CUST_0097,SG,Standard,GW_CROSSBORDER_X,Stripe Global,SGD,AUTHORIZED,FALSE,FALSE,2685.12,0.740000,1986.9888,40.2768,67.3780,2617.99,67.13,2685.12,-2056.7199
TXN_74B399FF,2026-08-15 17:21:00.000,2026-08-15,MERCH_024,Hospitality,Volume_Custom,CUST_0129,SG,Standard,GW_SG_LOCAL,SingaNet,SGD,AUTHORIZED,FALSE,FALSE,729.25,0.740000,539.6450,10.9388,8.8510,711.02,18.23,0.00,-11.9453
TXN_57AA2905,2026-09-07 07:18:00.000,2026-09-07,MERCH_010,Gaming,Volume_Custom,CUST_0146,AE,Standard,GW_AE_LOCAL,GulfPay,AED,AUTHORIZED,FALSE,FALSE,776.10,0.270000,209.5470,11.6415,11.7915,756.70,19.40,0.00,-5.2785
TXN_201AFA4E,2026-08-10 04:41:00.000,2026-08-10,MERCH_002,SaaS_Services,Volume_Custom,CUST_0111,AE,Standard,GW_CROSSBORDER_X,Stripe Global,AED,AUTHORIZED,FALSE,FALSE,3154.60,0.270000,851.7420,47.3190,79.1150,3091.50,63.10,0.00,-25.6219
TXN_2CF90DC4,2026-09-08 17:19:00.000,2026-09-08,MERCH_006,Gaming,Volume_Custom,CUST_0106,AE,Standard,GW_CROSSBORDER_X,Stripe Global,AED,DECLINED,FALSE,FALSE,3535.89,0.270000,954.6903,0.0000,0.0000,0.00,0.00,0.00,0.0000
TXN_1DC47245,2026-06-24 01:17:00.000,2026-06-24,MERCH_020,Retail_Tech,Volume_Custom,CUST_0125,IN,Standard,GW_CROSSBORDER_X,Stripe Global,INR,AUTHORIZED,FALSE,FALSE,2475.95,0.012000,29.7114,37.1393,62.1488,2414.05,61.90,0.00,-1.0429
TXN_59F968C0,2026-08-05 20:23:00.000,2026-08-05,MERCH_024,Hospitality,Volume_Custom,CUST_0112,IN,Standard,GW_CROSSBORDER_X,Stripe Global,INR,AUTHORIZED,FALSE,FALSE,3327.07,0.012000,39.9248,49.9061,83.4268,3243.89,83.18,0.00,-1.4004
TXN_FF2D2A15,2026-08-13 21:19:00.000,2026-08-13,MERCH_016,SaaS_Services,Volume_Custom,CUST_0096,AE,Standard,GW_IN_LOCAL,PayFast,AED,AUTHORIZED,FALSE,FALSE,1756.32,0.270000,474.2064,26.3448,8.8316,1712.41,43.91,0.00,-7.1271
TXN_C99D72C0,2026-08-14 14:01:00.000,2026-08-14,MERCH_024,Hospitality,Volume_Custom,CUST_0041,IN,Standard,GW_CROSSBORDER_X,Stripe Global,INR,DECLINED,FALSE,FALSE,3878.66,0.012000,46.5439,0.0000,0.0000,0.00,0.00,0.00,0.0000
TXN_5465051E,2026-07-15 20:50:00.000,2026-07-15,MERCH_025,Hospitality,IC_Plus,CUST_0001,IN,Standard,GW_AE_LOCAL,GulfPay,INR,AUTHORIZED,FALSE,FALSE,1801.22,0.012000,21.6146,32.4220,27.1683,1756.19,45.03,0.00,-0.4773
TXN_BC930F0A,2026-08-11 18:13:00.000,2026-08-11,MERCH_002,SaaS_Services,Volume_Custom,CUST_0076,IN,SMB,GW_CROSSBORDER_X,Stripe Global,INR,AUTHORIZED,FALSE,FALSE,3139.64,0.012000,37.6757,47.0946,78.7410,3061.15,78.49,0.00,-1.3216
TXN_84D9A0BD,2026-09-12 06:37:00.000,2026-09-12,MERCH_023,Retail_Tech,Volume_Custom,CUST_0053,SG,Enterprise_VIP,GW_CROSSBORDER_X,Stripe Global,SGD,DECLINED,FALSE,FALSE,3937.91,0.740000,2914.0534,0.0000,0.0000,0.00,0.00,0.00,0.0000
TXN_9CB7C4E4,2026-09-12 15:45:00.000,2026-09-12,MERCH_024,Hospitality,Volume_Custom,CUST_0062,AE,Standard,GW_CROSSBORDER_X,Stripe Global,AED,AUTHORIZED,FALSE,FALSE,2016.60,0.270000,544.4820,30.2490,50.6650,1966.19,50.41,0.00,-19.1230
TXN_6F1B1B40,2026-08-04 14:17:00.000,2026-08-04,MERCH_016,SaaS_Services,Volume_Custom,CUST_0089,AE,SMB,GW_CROSSBORDER_X,Stripe Global,AED,AUTHORIZED,FALSE,FALSE,3207.02,0.270000,865.8954,48.1053,80.4255,3126.84,80.18,0.00,-30.3751
TXN_CB348513,2026-08-22 04:43:00.000,2026-08-22,MERCH_010,Gaming,Volume_Custom,CUST_0019,SG,Standard,GW_AE_LOCAL,GulfPay,SGD,AUTHORIZED,FALSE,FALSE,1927.56,0.740000,1426.3944,28.9134,29.0634,1879.37,48.19,0.00,-35.7716
TXN_A301F574,2026-08-14 12:40:00.000,2026-08-14,MERCH_010,Gaming,Volume_Custom,CUST_0127,IN,SMB,GW_CROSSBORDER_X,Stripe Global,INR,DECLINED,FALSE,FALSE,3385.11,0.012000,40.6213,0.0000,0.0000,0.00,0.00,0.00,0.0000
TXN_596E67CC,2026-07-24 04:15:00.000,2026-07-24,MERCH_010,Gaming,Volume_Custom,CUST_0120,IN,Standard,GW_AE_LOCAL,GulfPay,INR,AUTHORIZED,FALSE,FALSE,1098.44,0.012000,13.1813,16.4766,16.6266,0.00,0.00,0.00,-0.0018
TXN_BE533BF9,2026-07-30 17:31:00.000,2026-07-30,MERCH_019,SaaS_Services,Tier_1_Default,CUST_0143,AE,Standard,GW_CROSSBORDER_X,Stripe Global,AED,DECLINED,FALSE,FALSE,3786.19,0.270000,1022.2713,0.0000,0.0000,0.00,0.00,0.00,0.0000
TXN_EF301FA0,2026-06-23 07:34:00.000,2026-06-23,MERCH_025,Hospitality,IC_Plus,CUST_0094,AE,Standard,GW_CROSSBORDER_X,Stripe Global,AED,DECLINED,FALSE,FALSE,3722.58,0.270000,1005.0966,0.0000,0.0000,0.00,0.00,0.00,0.0000
TXN_9BEA965A,2026-08-08 14:09:00.000,2026-08-08,MERCH_010,Gaming,Volume_Custom,CUST_0142,SG,Standard,GW_AE_LOCAL,GulfPay,SGD,AUTHORIZED,FALSE,FALSE,950.75,0.740000,703.5550,14.2613,14.4113,0.00,0.00,0.00,-0.1110
TXN_DD9D8117,2026-07-28 02:47:00.000,2026-07-28,MERCH_011,SaaS_Services,Tier_1_Default,CUST_0089,AE,SMB,GW_SG_LOCAL,SingaNet,AED,AUTHORIZED,FALSE,TRUE,-43.90,0.270000,-11.8530,0.0000,0.0000,-42.80,-1.10,0.00,0.2970
TXN_B3D09F6A,2026-09-13 22:11:00.000,2026-09-13,MERCH_023,Retail_Tech,Volume_Custom,CUST_0121,SG,SMB,GW_IN_LOCAL,PayFast,SGD,AUTHORIZED,FALSE,FALSE,162.83,0.740000,120.4942,2.4425,0.8642,159.58,3.26,0.00,-1.2445
TXN_73EE2189,2026-08-17 16:07:00.000,2026-08-17,MERCH_002,SaaS_Services,Volume_Custom,CUST_0135,IN,Enterprise_VIP,GW_CROSSBORDER_X,Stripe Global,INR,AUTHORIZED,FALSE,FALSE,2825.09,0.012000,33.9011,42.3764,70.8773,2754.46,70.63,0.00,-1.1896
TXN_4BE76EAA,2026-08-19 15:18:00.000,2026-08-19,MERCH_006,Gaming,Volume_Custom,CUST_0142,SG,Standard,GW_AE_LOCAL,GulfPay,SGD,AUTHORIZED,FALSE,FALSE,85.83,0.740000,63.5142,1.2875,1.4375,83.68,2.15,0.00,-1.7020
TXN_3A104978,2026-08-27 07:21:00.000,2026-08-27,MERCH_006,Gaming,Volume_Custom,CUST_0028,AE,Standard,GW_CROSSBORDER_X,Stripe Global,AED,DECLINED,FALSE,FALSE,2911.67,0.270000,786.1509,0.0000,0.0000,0.00,0.00,0.00,0.0000
TXN_8D2692E5,2026-07-16 18:00:00.000,2026-07-16,MERCH_008,Retail_Tech,Tier_1_Default,CUST_0089,AE,SMB,GW_IN_LOCAL,PayFast,AED,DECLINED,FALSE,FALSE,958.18,0.270000,258.7086,0.0000,0.0000,0.00,0.00,0.00,0.0000
TXN_A5675821,2026-09-04 04:09:00.000,2026-09-04,MERCH_001,Gaming,Volume_Custom,CUST_0146,AE,Standard,GW_CROSSBORDER_X,Stripe Global,AED,DECLINED,FALSE,FALSE,3177.66,0.270000,857.9682,0.0000,0.0000,0.00,0.00,0.00,0.0000
TXN_F924598F,2026-09-01 15:36:00.000,2026-09-01,MERCH_016,SaaS_Services,Volume_Custom,CUST_0133,IN,Standard,GW_CROSSBORDER_X,Stripe Global,INR,AUTHORIZED,FALSE,FALSE,2004.32,0.012000,24.0518,30.0648,50.3580,1954.21,50.11,0.00,-0.8448
TXN_70281CFB,2026-09-12 18:17:00.000,2026-09-12,MERCH_UNKNOWN,UNKNOWN,Tier_1_Default,CUST_0125,IN,Standard,GW_IN_LOCAL,PayFast,INR,DECLINED,TRUE,FALSE,975.33,0.012000,11.7040,0.0000,0.0000,0.00,0.00,0.00,0.0000
TXN_D9588326,2026-08-10 04:54:00.000,2026-08-10,MERCH_006,Gaming,Volume_Custom,CUST_0148,SG,Standard,GW_AE_LOCAL,GulfPay,SGD,FAILED,FALSE,TRUE,0.00,0.740000,0.0000,0.0000,0.0000,0.00,0.00,0.00,0.0000
TXN_F3C2D328,2026-09-06 12:02:00.000,2026-09-06,MERCH_016,SaaS_Services,Volume_Custom,CUST_0027,AE,Standard,GW_CROSSBORDER_X,Stripe Global,AED,DECLINED,FALSE,FALSE,2660.84,0.270000,718.4268,0.0000,0.0000,0.00,0.00,0.00,0.0000
TXN_8FDCDFB6,2026-08-20 02:55:00.000,2026-08-20,MERCH_023,Retail_Tech,Volume_Custom,CUST_0133,IN,Standard,GW_CROSSBORDER_X,Stripe Global,INR,FAILED,FALSE,FALSE,3814.08,0.012000,45.7690,0.0000,0.0000,0.00,0.00,0.00,0.0000
TXN_AD139135,2026-08-21 18:34:00.000,2026-08-21,MERCH_002,SaaS_Services,Volume_Custom,CUST_0027,AE,Standard,GW_CROSSBORDER_X,Stripe Global,AED,DECLINED,FALSE,FALSE,2221.07,0.270000,599.6889,0.0000,0.0000,0.00,0.00,0.00,0.0000
TXN_56815A00,2026-09-13 13:19:00.000,2026-09-13,MERCH_023,Retail_Tech,Volume_Custom,CUST_0076,IN,SMB,GW_IN_LOCAL,PayFast,INR,AUTHORIZED,FALSE,TRUE,-310.43,0.012000,-3.7252,0.0000,0.0000,-302.67,-7.76,0.00,0.0931
TXN_0ACB5804,2026-07-30 12:44:00.000,2026-07-30,MERCH_006,Gaming,Volume_Custom,CUST_0037,AE,Standard,GW_AE_LOCAL,GulfPay,AED,AUTHORIZED,FALSE,TRUE,0.00,0.270000,0.0000,0.0000,0.0000,0.00,0.00,0.00,0.0000
TXN_820E5F20,2026-09-11 02:18:00.000,2026-09-11,MERCH_024,Hospitality,Volume_Custom,CUST_0076,IN,SMB,GW_CROSSBORDER_X,Stripe Global,INR,AUTHORIZED,FALSE,FALSE,2516.75,0.012000,30.2010,37.7513,63.1688,2453.83,62.92,0.00,-1.0601
TXN_C0B0FE78,2026-07-28 19:51:00.000,2026-07-28,MERCH_025,Hospitality,IC_Plus,CUST_0040,AE,Standard,GW_AE_LOCAL,GulfPay,AED,AUTHORIZED,FALSE,FALSE,186.90,0.270000,50.4630,3.3642,2.9535,182.23,4.67,0.00,-1.1500
TXN_B893B470,2026-09-04 18:38:00.000,2026-09-04,MERCH_020,Retail_Tech,Volume_Custom,CUST_0014,AE,Standard,GW_CROSSBORDER_X,Stripe Global,AED,AUTHORIZED,FALSE,FALSE,3323.23,0.270000,897.2721,49.8485,83.3308,0.00,0.00,0.00,-9.0402
TXN_D87C04D1,2026-06-29 23:22:00.000,2026-06-29,MERCH_017,Retail_Tech,IC_Plus,CUST_0026,IN,SMB,GW_CROSSBORDER_X,Stripe Global,INR,AUTHORIZED,FALSE,FALSE,2530.63,0.012000,30.3676,45.5513,63.5158,2467.36,63.27,0.00,-0.9748
TXN_7E8B3958,2026-09-04 04:36:00.000,2026-09-04,MERCH_006,Gaming,Volume_Custom,CUST_0012,AE,Enterprise_VIP,GW_AE_LOCAL,GulfPay,AED,AUTHORIZED,FALSE,FALSE,1836.14,0.270000,495.7578,27.5421,27.6921,1790.24,45.90,0.00,-12.4335
TXN_9A7C18F2,2026-08-18 10:00:00.000,2026-08-18,MERCH_024,Hospitality,Volume_Custom,CUST_0089,AE,SMB,GW_CROSSBORDER_X,Stripe Global,AED,FAILED,FALSE,FALSE,3544.30,0.270000,956.9610,0.0000,0.0000,0.00,0.00,0.00,0.0000
TXN_D473CD7C,2026-06-30 10:46:00.000,2026-06-30,MERCH_024,Hospitality,Volume_Custom,CUST_0017,SG,Standard,GW_CROSSBORDER_X,Stripe Global,SGD,AUTHORIZED,FALSE,FALSE,3956.60,0.740000,2927.8840,59.3490,99.1650,3857.68,98.92,3956.60,-3030.5486
TXN_77A0554C,2026-07-16 18:32:00.000,2026-07-16,MERCH_023,Retail_Tech,Volume_Custom,CUST_0107,SG,Standard,GW_IN_LOCAL,PayFast,SGD,DECLINED,FALSE,TRUE,-183.02,0.740000,-135.4348,0.0000,0.0000,0.00,0.00,0.00,0.0000
TXN_CA6C46C0,2026-07-26 09:45:00.000,2026-07-26,MERCH_021,Gaming,IC_Plus,CUST_0121,SG,SMB,GW_CROSSBORDER_X,Stripe Global,SGD,DECLINED,FALSE,FALSE,3464.54,0.740000,2563.7596,0.0000,0.0000,0.00,0.00,0.00,0.0000
TXN_BD4CE133,2026-06-26 11:19:00.000,2026-06-26,MERCH_009,Retail_Tech,Tier_1_Default,CUST_0070,SG,Enterprise_VIP,GW_AE_LOCAL,GulfPay,SGD,AUTHORIZED,FALSE,FALSE,1753.44,0.740000,1297.5456,43.8360,26.4516,1709.60,43.84,0.00,-19.5771
TXN_06F07B52,2026-07-07 13:39:00.000,2026-07-07,MERCH_011,SaaS_Services,Tier_1_Default,CUST_0008,SG,SMB,GW_SG_LOCAL,SingaNet,SGD,AUTHORIZED,FALSE,FALSE,1552.71,0.740000,1149.0054,38.8178,18.7325,1513.89,38.82,0.00,-13.8637
TXN_DEECEC27,2026-09-02 06:22:00.000,2026-09-02,MERCH_024,Hospitality,Volume_Custom,CUST_0146,AE,Standard,GW_CROSSBORDER_X,Stripe Global,AED,AUTHORIZED,FALSE,FALSE,3698.00,0.270000,998.4600,55.4700,92.7000,3605.55,92.45,0.00,-35.0136
TXN_357AEC41,2026-08-29 17:43:00.000,2026-08-29,MERCH_020,Retail_Tech,Volume_Custom,CUST_0013,IN,SMB,GW_SG_LOCAL,SingaNet,INR,DECLINED,FALSE,FALSE,1703.75,0.012000,20.4450,0.0000,0.0000,0.00,0.00,0.00,0.0000
TXN_47B190D8,2026-08-23 14:41:00.000,2026-08-23,MERCH_010,Gaming,Volume_Custom,CUST_0062,AE,Standard,GW_CROSSBORDER_X,Stripe Global,AED,AUTHORIZED,FALSE,FALSE,2186.44,0.270000,590.3388,32.7966,54.9110,0.00,0.00,0.00,-5.9709
TXN_1CE03817,2026-09-13 10:57:00.000,2026-09-13,MERCH_023,Retail_Tech,Volume_Custom,CUST_0089,AE,SMB,GW_IN_LOCAL,PayFast,AED,AUTHORIZED,FALSE,FALSE,1189.60,0.270000,321.1920,17.8440,5.9980,1159.86,29.74,0.00,-4.8314
TXN_65A61E9A,2026-07-27 15:13:00.000,2026-07-27,MERCH_002,SaaS_Services,Volume_Custom,CUST_0108,IN,SMB,GW_CROSSBORDER_X,Stripe Global,INR,AUTHORIZED,FALSE,FALSE,2762.16,0.012000,33.1459,41.4324,69.3040,2693.11,69.05,0.00,-1.1631
TXN_9845886E,2026-09-13 11:59:00.000,2026-09-13,MERCH_020,Retail_Tech,Volume_Custom,CUST_0117,IN,SMB,GW_CROSSBORDER_X,Stripe Global,INR,AUTHORIZED,FALSE,FALSE,3647.31,0.012000,43.7677,54.7097,91.4328,3556.13,91.18,0.00,-1.5348
TXN_2B8F0635,2026-07-11 20:59:00.000,2026-07-11,MERCH_001,Gaming,Volume_Custom,CUST_0020,AE,Standard,GW_CROSSBORDER_X,Stripe Global,AED,AUTHORIZED,FALSE,FALSE,3920.31,0.270000,1058.4837,58.8047,98.2578,3822.30,98.01,3920.31,-1095.5987
TXN_1DBDB753,2026-08-28 01:57:00.000,2026-08-28,MERCH_024,Hospitality,Volume_Custom,CUST_0071,AE,SMB,GW_SG_LOCAL,SingaNet,AED,AUTHORIZED,FALSE,FALSE,1459.61,0.270000,394.0947,21.8942,17.6153,0.00,0.00,0.00,1.1553
TXN_07A2504B,2026-09-07 23:11:00.000,2026-09-07,MERCH_001,Gaming,Volume_Custom,CUST_0053,SG,Enterprise_VIP,GW_AE_LOCAL,GulfPay,SGD,AUTHORIZED,FALSE,TRUE,-84.15,0.740000,-62.2710,0.0000,0.0000,-82.05,-2.10,0.00,1.5540
TXN_8F903C93,2026-08-12 23:08:00.000,2026-08-12,MERCH_010,Gaming,Volume_Custom,CUST_0091,IN,Standard,GW_AE_LOCAL,GulfPay,INR,DECLINED,FALSE,TRUE,-467.06,0.012000,-5.6047,0.0000,0.0000,0.00,0.00,0.00,0.0000
TXN_14F01F76,2026-09-06 22:01:00.000,2026-09-06,MERCH_001,Gaming,Volume_Custom,CUST_0017,SG,Standard,GW_CROSSBORDER_X,Stripe Global,SGD,AUTHORIZED,FALSE,FALSE,2273.31,0.740000,1682.2494,34.0997,57.0828,2216.48,56.83,0.00,-59.0617
TXN_8B42AEB6,2026-07-23 20:39:00.000,2026-07-23,MERCH_006,Gaming,Volume_Custom,CUST_0082,AE,Standard,GW_AE_LOCAL,GulfPay,AED,AUTHORIZED,FALSE,FALSE,1490.15,0.270000,402.3405,22.3523,22.5023,1452.90,37.25,0.00,-10.0980
TXN_F5A79D92,2026-06-20 15:09:00.000,2026-06-20,MERCH_013,SaaS_Services,IC_Plus,CUST_0092,IN,SMB,GW_CROSSBORDER_X,Stripe Global,INR,AUTHORIZED,FALSE,FALSE,2122.54,0.012000,25.4705,38.2057,53.3135,2069.48,53.06,0.00,-0.8180
TXN_3A50E42C,2026-09-13 13:35:00.000,2026-09-13,MERCH_002,SaaS_Services,Volume_Custom,CUST_0044,AE,Enterprise_VIP,GW_CROSSBORDER_X,Stripe Global,AED,AUTHORIZED,FALSE,FALSE,3842.48,0.270000,1037.4696,57.6372,96.3120,3746.42,96.06,0.00,-36.3784
TXN_C1B06534,2026-08-05 00:53:00.000,2026-08-05,MERCH_001,Gaming,Volume_Custom,CUST_0006,IN,Standard,GW_AE_LOCAL,GulfPay,INR,AUTHORIZED,FALSE,FALSE,1554.08,0.012000,18.6490,23.3112,23.4612,1515.23,38.85,0.00,-0.4680
TXN_B1C5E6C9,2026-08-14 19:10:00.000,2026-08-14,MERCH_010,Gaming,Volume_Custom,CUST_0064,AE,Standard,GW_CROSSBORDER_X,Stripe Global,AED,AUTHORIZED,FALSE,FALSE,2819.11,0.270000,761.1597,42.2867,70.7278,2748.63,70.48,2819.11,-787.8684
TXN_11715EA8,2026-06-23 07:19:00.000,2026-06-23,MERCH_015,Retail_Tech,Tier_1_Default,CUST_0044,AE,Enterprise_VIP,GW_CROSSBORDER_X,Stripe Global,AED,AUTHORIZED,FALSE,FALSE,3666.75,0.270000,990.0225,91.6688,91.9188,3575.08,91.67,0.00,-24.8184
TXN_316BCC1B,2026-09-03 16:45:00.000,2026-09-03,MERCH_024,Hospitality,Volume_Custom,CUST_0093,AE,SMB,GW_SG_LOCAL,SingaNet,AED,DECLINED,FALSE,FALSE,305.47,0.270000,82.4769,0.0000,0.0000,0.00,0.00,0.00,0.0000
TXN_EA7016EF,2026-07-28 05:53:00.000,2026-07-28,MERCH_017,Retail_Tech,IC_Plus,CUST_0116,AE,SMB,GW_IN_LOCAL,PayFast,AED,AUTHORIZED,FALSE,FALSE,360.29,0.270000,97.2783,6.4852,1.8515,351.28,9.01,0.00,-1.1816
TXN_4C086553,2026-07-28 23:16:00.000,2026-07-28,MERCH_025,Hospitality,IC_Plus,CUST_0114,IN,SMB,GW_CROSSBORDER_X,Stripe Global,INR,DECLINED,FALSE,FALSE,2674.68,0.012000,32.0962,0.0000,0.0000,0.00,0.00,0.00,0.0000
TXN_C820DEA7,2026-07-25 02:12:00.000,2026-07-25,MERCH_014,Gaming,Tier_1_Default,CUST_0075,IN,SMB,GW_SG_LOCAL,SingaNet,INR,AUTHORIZED,FALSE,FALSE,1206.83,0.012000,14.4820,30.1708,14.5820,1176.66,30.17,0.00,-0.1750
TXN_B48716F3,2026-07-20 05:22:00.000,2026-07-20,MERCH_011,SaaS_Services,Tier_1_Default,CUST_0111,AE,Standard,GW_CROSSBORDER_X,Stripe Global,AED,FAILED,FALSE,FALSE,2554.42,0.270000,689.6934,0.0000,0.0000,0.00,0.00,0.00,0.0000
TXN_8123CB0E,2026-06-28 12:20:00.000,2026-06-28,MERCH_011,SaaS_Services,Tier_1_Default,CUST_0084,IN,Standard,GW_SG_LOCAL,SingaNet,INR,AUTHORIZED,FALSE,FALSE,811.91,0.012000,9.7429,20.2978,9.8429,791.61,20.30,0.00,-0.1181
TXN_47E6E4D3,2026-08-30 04:44:00.000,2026-08-30,MERCH_010,Gaming,Volume_Custom,CUST_0078,SG,Standard,GW_AE_LOCAL,GulfPay,SGD,AUTHORIZED,FALSE,FALSE,1449.98,0.740000,1072.9852,21.7497,21.8997,1413.73,36.25,0.00,-26.9360
TXN_9812F06B,2026-07-22 19:32:00.000,2026-07-22,MERCH_008,Retail_Tech,Tier_1_Default,CUST_0092,IN,SMB,GW_CROSSBORDER_X,Stripe Global,INR,AUTHORIZED,FALSE,FALSE,2211.07,0.012000,26.5328,55.2768,55.5268,2155.79,55.28,0.00,-0.6664
TXN_7D5D4654,2026-08-26 20:53:00.000,2026-08-26,MERCH_023,Retail_Tech,Volume_Custom,CUST_0020,AE,Standard,GW_IN_LOCAL,PayFast,AED,AUTHORIZED,FALSE,FALSE,1598.66,0.270000,431.6382,23.9799,8.0433,1558.69,39.97,0.00,-6.4890
TXN_C25668E3,2026-07-12 16:20:00.000,2026-07-12,MERCH_017,Retail_Tech,IC_Plus,CUST_0062,AE,Standard,GW_CROSSBORDER_X,Stripe Global,AED,AUTHORIZED,FALSE,FALSE,3295.12,0.270000,889.6824,59.3122,82.6280,3212.74,82.38,0.00,-28.5379
TXN_762100F8,2026-08-21 02:31:00.000,2026-08-21,MERCH_024,Hospitality,Volume_Custom,CUST_0079,SG,Standard,GW_SG_LOCAL,SingaNet,SGD,DECLINED,FALSE,FALSE,305.92,0.740000,226.3808,0.0000,0.0000,0.00,0.00,0.00,0.0000
TXN_BD7826BF,2026-09-09 15:54:00.000,2026-09-09,MERCH_016,SaaS_Services,Volume_Custom,CUST_0038,SG,Standard,GW_CROSSBORDER_X,Stripe Global,SGD,AUTHORIZED,FALSE,FALSE,3513.06,0.740000,2599.6644,52.6959,88.0765,3425.23,87.83,0.00,-91.1758
